symbol,baseAsset,quoteAsset,status,exchange,type,trading_type,contractType
ETHBTC,ETH,BTC,TRADING,binance,spot,现货,
LTCBTC,LTC,BTC,TRADING,binance,spot,现货,
BNBBTC,BNB,BTC,TRADING,binance,spot,现货,
NEOBTC,NEO,BTC,TRADING,binance,spot,现货,
QTUMETH,QTUM,ETH,TRADING,binance,spot,现货,
GASBTC,GAS,BTC,TRADING,binance,spot,现货,
BNBETH,BNB,ETH,TRADING,binance,spot,现货,
BTCUSDT,BTC,USDT,TRADING,binance,spot,现货,
ETHUSDT,ETH,USDT,TRADING,binance,spot,现货,
LRCBTC,LRC,BTC,TRADING,binance,spot,现货,
LRCETH,LRC,ETH,TRADING,binance,spot,现货,
QTUMBTC,QTUM,BTC,TRADING,binance,spot,现货,
ZRXBTC,ZRX,BTC,TRADING,binance,spot,现货,
KNCBTC,KNC,BTC,TRADING,binance,spot,现货,
IOTABTC,IOTA,BTC,TRADING,binance,spot,现货,
IOTAETH,IOTA,ETH,TRADING,binance,spot,现货,
LINKBTC,LINK,BTC,TRADING,binance,spot,现货,
LINKETH,LINK,ETH,TRADING,binance,spot,现货,
XVGETH,XVG,ETH,TRADING,binance,spot,现货,
MTLBTC,MTL,BTC,TRADING,binance,spot,现货,
ETCETH,ETC,ETH,TRADING,binance,spot,现货,
ETCBTC,ETC,BTC,TRADING,binance,spot,现货,
ZECBTC,ZEC,BTC,TRADING,binance,spot,现货,
ZECETH,ZEC,ETH,TRADING,binance,spot,现货,
DASHBTC,DASH,BTC,TRADING,binance,spot,现货,
DASHETH,DASH,ETH,TRADING,binance,spot,现货,
REQBTC,REQ,BTC,TRADING,binance,spot,现货,
TRXBTC,TRX,BTC,TRADING,binance,spot,现货,
TRXETH,TRX,ETH,TRADING,binance,spot,现货,
POWRBTC,POWR,BTC,TRADING,binance,spot,现货,
POWRETH,POWR,ETH,TRADING,binance,spot,现货,
XRPBTC,XRP,BTC,TRADING,binance,spot,现货,
XRPETH,XRP,ETH,TRADING,binance,spot,现货,
ENJBTC,ENJ,BTC,TRADING,binance,spot,现货,
STORJBTC,STORJ,BTC,TRADING,binance,spot,现货,
BNBUSDT,BNB,USDT,TRADING,binance,spot,现货,
BATBTC,BAT,BTC,TRADING,binance,spot,现货,
NEOUSDT,NEO,USDT,TRADING,binance,spot,现货,
LSKBTC,LSK,BTC,TRADING,binance,spot,现货,
MANABTC,MANA,BTC,TRADING,binance,spot,现货,
MANAETH,MANA,ETH,TRADING,binance,spot,现货,
ADXBTC,ADX,BTC,TRADING,binance,spot,现货,
ADXETH,ADX,ETH,TRADING,binance,spot,现货,
ADABTC,ADA,BTC,TRADING,binance,spot,现货,
ADAETH,ADA,ETH,TRADING,binance,spot,现货,
XLMBTC,XLM,BTC,TRADING,binance,spot,现货,
XLMETH,XLM,ETH,TRADING,binance,spot,现货,
LTCETH,LTC,ETH,TRADING,binance,spot,现货,
LTCUSDT,LTC,USDT,TRADING,binance,spot,现货,
LTCBNB,LTC,BNB,TRADING,binance,spot,现货,
ICXBTC,ICX,BTC,TRADING,binance,spot,现货,
RLCBTC,RLC,BTC,TRADING,binance,spot,现货,
RLCETH,RLC,ETH,TRADING,binance,spot,现货,
PIVXBTC,PIVX,BTC,TRADING,binance,spot,现货,
STEEMBTC,STEEM,BTC,TRADING,binance,spot,现货,
STEEMETH,STEEM,ETH,TRADING,binance,spot,现货,
ZILETH,ZIL,ETH,TRADING,binance,spot,现货,
ONTBTC,ONT,BTC,TRADING,binance,spot,现货,
QTUMUSDT,QTUM,USDT,TRADING,binance,spot,现货,
WANBTC,WAN,BTC,TRADING,binance,spot,现货,
SYSBTC,SYS,BTC,TRADING,binance,spot,现货,
ADAUSDT,ADA,USDT,TRADING,binance,spot,现货,
ADABNB,ADA,BNB,TRADING,binance,spot,现货,
XRPUSDT,XRP,USDT,TRADING,binance,spot,现货,
BTCTUSD,BTC,TUSD,TRADING,binance,spot,现货,
ETHTUSD,ETH,TUSD,TRADING,binance,spot,现货,
ZENBTC,ZEN,BTC,TRADING,binance,spot,现货,
THETABTC,THETA,BTC,TRADING,binance,spot,现货,
XRPBNB,XRP,BNB,TRADING,binance,spot,现货,
TUSDUSDT,TUSD,USDT,TRADING,binance,spot,现货,
IOTAUSDT,IOTA,USDT,TRADING,binance,spot,现货,
XLMUSDT,XLM,USDT,TRADING,binance,spot,现货,
IOTXBTC,IOTX,BTC,TRADING,binance,spot,现货,
IOTXETH,IOTX,ETH,TRADING,binance,spot,现货,
DATABTC,DATA,BTC,TRADING,binance,spot,现货,
ONTUSDT,ONT,USDT,TRADING,binance,spot,现货,
TRXBNB,TRX,BNB,TRADING,binance,spot,现货,
TRXUSDT,TRX,USDT,TRADING,binance,spot,现货,
ETCUSDT,ETC,USDT,TRADING,binance,spot,现货,
ETCBNB,ETC,BNB,TRADING,binance,spot,现货,
ICXUSDT,ICX,USDT,TRADING,binance,spot,现货,
SCETH,SC,ETH,TRADING,binance,spot,现货,
DENTETH,DENT,ETH,TRADING,binance,spot,现货,
ARDRBTC,ARDR,BTC,TRADING,binance,spot,现货,
HOTETH,HOT,ETH,TRADING,binance,spot,现货,
VETBTC,VET,BTC,TRADING,binance,spot,现货,
VETETH,VET,ETH,TRADING,binance,spot,现货,
VETUSDT,VET,USDT,TRADING,binance,spot,现货,
VETBNB,VET,BNB,TRADING,binance,spot,现货,
RVNBTC,RVN,BTC,TRADING,binance,spot,现货,
BNBTUSD,BNB,TUSD,TRADING,binance,spot,现货,
XRPTUSD,XRP,TUSD,TRADING,binance,spot,现货,
BNBUSDC,BNB,USDC,TRADING,binance,spot,现货,
BTCUSDC,BTC,USDC,TRADING,binance,spot,现货,
ETHUSDC,ETH,USDC,TRADING,binance,spot,现货,
XRPUSDC,XRP,USDC,TRADING,binance,spot,现货,
XLMUSDC,XLM,USDC,TRADING,binance,spot,现货,
USDCUSDT,USDC,USDT,TRADING,binance,spot,现货,
TRXXRP,TRX,XRP,TRADING,binance,spot,现货,
LINKUSDT,LINK,USDT,TRADING,binance,spot,现货,
LINKUSDC,LINK,USDC,TRADING,binance,spot,现货,
LTCUSDC,LTC,USDC,TRADING,binance,spot,现货,
TRXUSDC,TRX,USDC,TRADING,binance,spot,现货,
ONGBTC,ONG,BTC,TRADING,binance,spot,现货,
ONGUSDT,ONG,USDT,TRADING,binance,spot,现货,
HOTUSDT,HOT,USDT,TRADING,binance,spot,现货,
ZILUSDT,ZIL,USDT,TRADING,binance,spot,现货,
ZRXUSDT,ZRX,USDT,TRADING,binance,spot,现货,
FETBNB,FET,BNB,TRADING,binance,spot,现货,
FETBTC,FET,BTC,TRADING,binance,spot,现货,
FETUSDT,FET,USDT,TRADING,binance,spot,现货,
BATUSDT,BAT,USDT,TRADING,binance,spot,现货,
ZECUSDT,ZEC,USDT,TRADING,binance,spot,现货,
IOSTUSDT,IOST,USDT,TRADING,binance,spot,现货,
CELRUSDT,CELR,USDT,TRADING,binance,spot,现货,
ADAUSDC,ADA,USDC,TRADING,binance,spot,现货,
NEOUSDC,NEO,USDC,TRADING,binance,spot,现货,
DASHUSDT,DASH,USDT,TRADING,binance,spot,现货,
THETAUSDT,THETA,USDT,TRADING,binance,spot,现货,
ENJUSDT,ENJ,USDT,TRADING,binance,spot,现货,
ATOMBTC,ATOM,BTC,TRADING,binance,spot,现货,
ATOMUSDT,ATOM,USDT,TRADING,binance,spot,现货,
ATOMUSDC,ATOM,USDC,TRADING,binance,spot,现货,
ETCUSDC,ETC,USDC,TRADING,binance,spot,现货,
PHBBTC,PHB,BTC,TRADING,binance,spot,现货,
TFUELBTC,TFUEL,BTC,TRADING,binance,spot,现货,
TFUELUSDT,TFUEL,USDT,TRADING,binance,spot,现货,
ONEUSDT,ONE,USDT,TRADING,binance,spot,现货,
ALGOBTC,ALGO,BTC,TRADING,binance,spot,现货,
ALGOUSDT,ALGO,USDT,TRADING,binance,spot,现货,
ALGOUSDC,ALGO,USDC,TRADING,binance,spot,现货,
DOGEBTC,DOGE,BTC,TRADING,binance,spot,现货,
DOGEUSDT,DOGE,USDT,TRADING,binance,spot,现货,
DOGEUSDC,DOGE,USDC,TRADING,binance,spot,现货,
DUSKBTC,DUSK,BTC,TRADING,binance,spot,现货,
DUSKUSDT,DUSK,USDT,TRADING,binance,spot,现货,
ANKRBTC,ANKR,BTC,TRADING,binance,spot,现货,
ANKRUSDT,ANKR,USDT,TRADING,binance,spot,现货,
ONTUSDC,ONT,USDC,TRADING,binance,spot,现货,
WINUSDT,WIN,USDT,TRADING,binance,spot,现货,
COSUSDT,COS,USDT,TRADING,binance,spot,现货,
MTLUSDT,MTL,USDT,TRADING,binance,spot,现货,
DENTUSDT,DENT,USDT,TRADING,binance,spot,现货,
WANUSDT,WAN,USDT,TRADING,binance,spot,现货,
FUNUSDT,FUN,USDT,TRADING,binance,spot,现货,
CVCUSDT,CVC,USDT,TRADING,binance,spot,现货,
WINTRX,WIN,TRX,TRADING,binance,spot,现货,
CHZBNB,CHZ,BNB,TRADING,binance,spot,现货,
CHZBTC,CHZ,BTC,TRADING,binance,spot,现货,
CHZUSDT,CHZ,USDT,TRADING,binance,spot,现货,
BANDBTC,BAND,BTC,TRADING,binance,spot,现货,
BANDUSDT,BAND,USDT,TRADING,binance,spot,现货,
XTZBTC,XTZ,BTC,TRADING,binance,spot,现货,
XTZUSDT,XTZ,USDT,TRADING,binance,spot,现货,
RVNUSDT,RVN,USDT,TRADING,binance,spot,现货,
HBARBNB,HBAR,BNB,TRADING,binance,spot,现货,
HBARBTC,HBAR,BTC,TRADING,binance,spot,现货,
HBARUSDT,HBAR,USDT,TRADING,binance,spot,现货,
NKNBTC,NKN,BTC,TRADING,binance,spot,现货,
NKNUSDT,NKN,USDT,TRADING,binance,spot,现货,
STXBNB,STX,BNB,TRADING,binance,spot,现货,
STXBTC,STX,BTC,TRADING,binance,spot,现货,
STXUSDT,STX,USDT,TRADING,binance,spot,现货,
KAVABTC,KAVA,BTC,TRADING,binance,spot,现货,
KAVAUSDT,KAVA,USDT,TRADING,binance,spot,现货,
ARPABTC,ARPA,BTC,TRADING,binance,spot,现货,
ARPAUSDT,ARPA,USDT,TRADING,binance,spot,现货,
IOTXUSDT,IOTX,USDT,TRADING,binance,spot,现货,
RLCUSDT,RLC,USDT,TRADING,binance,spot,现货,
BCHBNB,BCH,BNB,TRADING,binance,spot,现货,
BCHBTC,BCH,BTC,TRADING,binance,spot,现货,
BCHUSDT,BCH,USDT,TRADING,binance,spot,现货,
BCHUSDC,BCH,USDC,TRADING,binance,spot,现货,
FTTUSDT,FTT,USDT,TRADING,binance,spot,现货,
BTCTRY,BTC,TRY,TRADING,binance,spot,现货,
BNBTRY,BNB,TRY,TRADING,binance,spot,现货,
ETHTRY,ETH,TRY,TRADING,binance,spot,现货,
XRPTRY,XRP,TRY,TRADING,binance,spot,现货,
USDTTRY,USDT,TRY,TRADING,binance,spot,现货,
BTCEUR,BTC,EUR,TRADING,binance,spot,现货,
ETHEUR,ETH,EUR,TRADING,binance,spot,现货,
BNBEUR,BNB,EUR,TRADING,binance,spot,现货,
XRPEUR,XRP,EUR,TRADING,binance,spot,现货,
EURUSDT,EUR,USDT,TRADING,binance,spot,现货,
OGNBTC,OGN,BTC,TRADING,binance,spot,现货,
OGNUSDT,OGN,USDT,TRADING,binance,spot,现货,
LSKUSDT,LSK,USDT,TRADING,binance,spot,现货,
BNTUSDT,BNT,USDT,TRADING,binance,spot,现货,
MBLUSDT,MBL,USDT,TRADING,binance,spot,现货,
COTIBTC,COTI,BTC,TRADING,binance,spot,现货,
COTIUSDT,COTI,USDT,TRADING,binance,spot,现货,
BTCZAR,BTC,ZAR,TRADING,binance,spot,现货,
ETHZAR,ETH,ZAR,TRADING,binance,spot,现货,
USDTZAR,USDT,ZAR,TRADING,binance,spot,现货,
DATAUSDT,DATA,USDT,TRADING,binance,spot,现货,
SOLBNB,SOL,BNB,TRADING,binance,spot,现货,
SOLBTC,SOL,BTC,TRADING,binance,spot,现货,
SOLUSDT,SOL,USDT,TRADING,binance,spot,现货,
CTSIBTC,CTSI,BTC,TRADING,binance,spot,现货,
CTSIUSDT,CTSI,USDT,TRADING,binance,spot,现货,
HIVEBTC,HIVE,BTC,TRADING,binance,spot,现货,
HIVEUSDT,HIVE,USDT,TRADING,binance,spot,现货,
CHRBTC,CHR,BTC,TRADING,binance,spot,现货,
CHRUSDT,CHR,USDT,TRADING,binance,spot,现货,
ARDRUSDT,ARDR,USDT,TRADING,binance,spot,现货,
MDTUSDT,MDT,USDT,TRADING,binance,spot,现货,
KNCUSDT,KNC,USDT,TRADING,binance,spot,现货,
LRCUSDT,LRC,USDT,TRADING,binance,spot,现货,
BTCUAH,BTC,UAH,TRADING,binance,spot,现货,
USDTUAH,USDT,UAH,TRADING,binance,spot,现货,
COMPBTC,COMP,BTC,TRADING,binance,spot,现货,
COMPUSDT,COMP,USDT,TRADING,binance,spot,现货,
SCUSDT,SC,USDT,TRADING,binance,spot,现货,
ZENUSDT,ZEN,USDT,TRADING,binance,spot,现货,
SXPBTC,SXP,BTC,TRADING,binance,spot,现货,
SNXBTC,SNX,BTC,TRADING,binance,spot,现货,
SNXUSDT,SNX,USDT,TRADING,binance,spot,现货,
VTHOUSDT,VTHO,USDT,TRADING,binance,spot,现货,
DGBUSDT,DGB,USDT,TRADING,binance,spot,现货,
SXPUSDT,SXP,USDT,TRADING,binance,spot,现货,
MKRBTC,MKR,BTC,TRADING,binance,spot,现货,
MKRUSDT,MKR,USDT,TRADING,binance,spot,现货,
RUNEBTC,RUNE,BTC,TRADING,binance,spot,现货,
DCRUSDT,DCR,USDT,TRADING,binance,spot,现货,
STORJUSDT,STORJ,USDT,TRADING,binance,spot,现货,
AVABTC,AVA,BTC,TRADING,binance,spot,现货,
MANAUSDT,MANA,USDT,TRADING,binance,spot,现货,
YFIBTC,YFI,BTC,TRADING,binance,spot,现货,
YFIUSDT,YFI,USDT,TRADING,binance,spot,现货,
BTCDAI,BTC,DAI,TRADING,binance,spot,现货,
ETHDAI,ETH,DAI,TRADING,binance,spot,现货,
USDTDAI,USDT,DAI,TRADING,binance,spot,现货,
JSTBTC,JST,BTC,TRADING,binance,spot,现货,
JSTUSDT,JST,USDT,TRADING,binance,spot,现货,
CRVBTC,CRV,BTC,TRADING,binance,spot,现货,
CRVUSDT,CRV,USDT,TRADING,binance,spot,现货,
SANDBTC,SAND,BTC,TRADING,binance,spot,现货,
SANDUSDT,SAND,USDT,TRADING,binance,spot,现货,
NMRBTC,NMR,BTC,TRADING,binance,spot,现货,
NMRUSDT,NMR,USDT,TRADING,binance,spot,现货,
DOTBNB,DOT,BNB,TRADING,binance,spot,现货,
DOTBTC,DOT,BTC,TRADING,binance,spot,现货,
DOTUSDT,DOT,USDT,TRADING,binance,spot,现货,
LUNAUSDT,LUNA,USDT,TRADING,binance,spot,现货,
RSRUSDT,RSR,USDT,TRADING,binance,spot,现货,
PAXGBTC,PAXG,BTC,TRADING,binance,spot,现货,
PAXGUSDT,PAXG,USDT,TRADING,binance,spot,现货,
TRBBTC,TRB,BTC,TRADING,binance,spot,现货,
TRBUSDT,TRB,USDT,TRADING,binance,spot,现货,
WBTCBTC,WBTC,BTC,TRADING,binance,spot,现货,
WBTCETH,WBTC,ETH,TRADING,binance,spot,现货,
SUSHIBTC,SUSHI,BTC,TRADING,binance,spot,现货,
SUSHIUSDT,SUSHI,USDT,TRADING,binance,spot,现货,
KSMBTC,KSM,BTC,TRADING,binance,spot,现货,
KSMUSDT,KSM,USDT,TRADING,binance,spot,现货,
EGLDBNB,EGLD,BNB,TRADING,binance,spot,现货,
EGLDBTC,EGLD,BTC,TRADING,binance,spot,现货,
EGLDUSDT,EGLD,USDT,TRADING,binance,spot,现货,
DIABTC,DIA,BTC,TRADING,binance,spot,现货,
DIAUSDT,DIA,USDT,TRADING,binance,spot,现货,
RUNEUSDT,RUNE,USDT,TRADING,binance,spot,现货,
FIOUSDT,FIO,USDT,TRADING,binance,spot,现货,
UMABTC,UMA,BTC,TRADING,binance,spot,现货,
UMAUSDT,UMA,USDT,TRADING,binance,spot,现货,
LINKTRY,LINK,TRY,TRADING,binance,spot,现货,
BELBTC,BEL,BTC,TRADING,binance,spot,现货,
BELUSDT,BEL,USDT,TRADING,binance,spot,现货,
UNIBTC,UNI,BTC,TRADING,binance,spot,现货,
UNIUSDT,UNI,USDT,TRADING,binance,spot,现货,
OXTBTC,OXT,BTC,TRADING,binance,spot,现货,
OXTUSDT,OXT,USDT,TRADING,binance,spot,现货,
SUNUSDT,SUN,USDT,TRADING,binance,spot,现货,
AVAXBNB,AVAX,BNB,TRADING,binance,spot,现货,
AVAXBTC,AVAX,BTC,TRADING,binance,spot,现货,
AVAXUSDT,AVAX,USDT,TRADING,binance,spot,现货,
FLMBTC,FLM,BTC,TRADING,binance,spot,现货,
FLMUSDT,FLM,USDT,TRADING,binance,spot,现货,
SCRTBTC,SCRT,BTC,TRADING,binance,spot,现货,
CAKEBNB,CAKE,BNB,TRADING,binance,spot,现货,
SXPTRY,SXP,TRY,TRADING,binance,spot,现货,
UTKUSDT,UTK,USDT,TRADING,binance,spot,现货,
XVSBNB,XVS,BNB,TRADING,binance,spot,现货,
XVSBTC,XVS,BTC,TRADING,binance,spot,现货,
XVSUSDT,XVS,USDT,TRADING,binance,spot,现货,
BTCBRL,BTC,BRL,TRADING,binance,spot,现货,
USDTBRL,USDT,BRL,TRADING,binance,spot,现货,
AAVEBTC,AAVE,BTC,TRADING,binance,spot,现货,
AAVEETH,AAVE,ETH,TRADING,binance,spot,现货,
AAVEUSDT,AAVE,USDT,TRADING,binance,spot,现货,
NEARBNB,NEAR,BNB,TRADING,binance,spot,现货,
NEARBTC,NEAR,BTC,TRADING,binance,spot,现货,
NEARUSDT,NEAR,USDT,TRADING,binance,spot,现货,
FILBTC,FIL,BTC,TRADING,binance,spot,现货,
FILUSDT,FIL,USDT,TRADING,binance,spot,现货,
INJBNB,INJ,BNB,TRADING,binance,spot,现货,
INJBTC,INJ,BTC,TRADING,binance,spot,现货,
INJUSDT,INJ,USDT,TRADING,binance,spot,现货,
LINKEUR,LINK,EUR,TRADING,binance,spot,现货,
AUDIOBTC,AUDIO,BTC,TRADING,binance,spot,现货,
AUDIOUSDT,AUDIO,USDT,TRADING,binance,spot,现货,
CTKBNB,CTK,BNB,TRADING,binance,spot,现货,
CTKBTC,CTK,BTC,TRADING,binance,spot,现货,
CTKUSDT,CTK,USDT,TRADING,binance,spot,现货,
ETHBRL,ETH,BRL,TRADING,binance,spot,现货,
DOTEUR,DOT,EUR,TRADING,binance,spot,现货,
AXSBNB,AXS,BNB,TRADING,binance,spot,现货,
AXSBTC,AXS,BTC,TRADING,binance,spot,现货,
AXSUSDT,AXS,USDT,TRADING,binance,spot,现货,
BNBBRL,BNB,BRL,TRADING,binance,spot,现货,
LTCEUR,LTC,EUR,TRADING,binance,spot,现货,
SLPETH,SLP,ETH,TRADING,binance,spot,现货,
ADAEUR,ADA,EUR,TRADING,binance,spot,现货,
STRAXBTC,STRAX,BTC,TRADING,binance,spot,现货,
STRAXUSDT,STRAX,USDT,TRADING,binance,spot,现货,
ROSEBTC,ROSE,BTC,TRADING,binance,spot,现货,
ROSEUSDT,ROSE,USDT,TRADING,binance,spot,现货,
AVAXTRY,AVAX,TRY,TRADING,binance,spot,现货,
AVAUSDT,AVA,USDT,TRADING,binance,spot,现货,
XRPBRL,XRP,BRL,TRADING,binance,spot,现货,
SKLBTC,SKL,BTC,TRADING,binance,spot,现货,
SKLUSDT,SKL,USDT,TRADING,binance,spot,现货,
BCHEUR,BCH,EUR,TRADING,binance,spot,现货,
GLMBTC,GLM,BTC,TRADING,binance,spot,现货,
LINKBRL,LINK,BRL,TRADING,binance,spot,现货,
TRXTRY,TRX,TRY,TRADING,binance,spot,现货,
XLMEUR,XLM,EUR,TRADING,binance,spot,现货,
GRTBTC,GRT,BTC,TRADING,binance,spot,现货,
GRTETH,GRT,ETH,TRADING,binance,spot,现货,
GRTUSDT,GRT,USDT,TRADING,binance,spot,现货,
JUVUSDT,JUV,USDT,TRADING,binance,spot,现货,
PSGUSDT,PSG,USDT,TRADING,binance,spot,现货,
1INCHBTC,1INCH,BTC,TRADING,binance,spot,现货,
1INCHUSDT,1INCH,USDT,TRADING,binance,spot,现货,
OGBTC,OG,BTC,TRADING,binance,spot,现货,
OGUSDT,OG,USDT,TRADING,binance,spot,现货,
ATMUSDT,ATM,USDT,TRADING,binance,spot,现货,
ASRUSDT,ASR,USDT,TRADING,binance,spot,现货,
CELOBTC,CELO,BTC,TRADING,binance,spot,现货,
CELOUSDT,CELO,USDT,TRADING,binance,spot,现货,
RIFBTC,RIF,BTC,TRADING,binance,spot,现货,
RIFUSDT,RIF,USDT,TRADING,binance,spot,现货,
CHZTRY,CHZ,TRY,TRADING,binance,spot,现货,
XLMTRY,XLM,TRY,TRADING,binance,spot,现货,
GRTEUR,GRT,EUR,TRADING,binance,spot,现货,
TRUUSDT,TRU,USDT,TRADING,binance,spot,现货,
LTCBRL,LTC,BRL,TRADING,binance,spot,现货,
CKBUSDT,CKB,USDT,TRADING,binance,spot,现货,
TWTUSDT,TWT,USDT,TRADING,binance,spot,现货,
DOGEEUR,DOGE,EUR,TRADING,binance,spot,现货,
DOGETRY,DOGE,TRY,TRADING,binance,spot,现货,
DOGEBRL,DOGE,BRL,TRADING,binance,spot,现货,
SFPBTC,SFP,BTC,TRADING,binance,spot,现货,
SFPUSDT,SFP,USDT,TRADING,binance,spot,现货,
DOTTRY,DOT,TRY,TRADING,binance,spot,现货,
DODOBTC,DODO,BTC,TRADING,binance,spot,现货,
DODOUSDT,DODO,USDT,TRADING,binance,spot,现货,
CAKEBTC,CAKE,BTC,TRADING,binance,spot,现货,
CAKEUSDT,CAKE,USDT,TRADING,binance,spot,现货,
ACMUSDT,ACM,USDT,TRADING,binance,spot,现货,
AUCTIONBTC,AUCTION,BTC,TRADING,binance,spot,现货,
PHABTC,PHA,BTC,TRADING,binance,spot,现货,
ADATRY,ADA,TRY,TRADING,binance,spot,现货,
ADABRL,ADA,BRL,TRADING,binance,spot,现货,
FISBTC,FIS,BTC,TRADING,binance,spot,现货,
FISUSDT,FIS,USDT,TRADING,binance,spot,现货,
DOTBRL,DOT,BRL,TRADING,binance,spot,现货,
HOTTRY,HOT,TRY,TRADING,binance,spot,现货,
EGLDEUR,EGLD,EUR,TRADING,binance,spot,现货,
OMBTC,OM,BTC,TRADING,binance,spot,现货,
OMUSDT,OM,USDT,TRADING,binance,spot,现货,
PONDUSDT,POND,USDT,TRADING,binance,spot,现货,
DEGOUSDT,DEGO,USDT,TRADING,binance,spot,现货,
AVAXEUR,AVAX,EUR,TRADING,binance,spot,现货,
ALICEUSDT,ALICE,USDT,TRADING,binance,spot,现货,
NEOTRY,NEO,TRY,TRADING,binance,spot,现货,
PERPUSDT,PERP,USDT,TRADING,binance,spot,现货,
SUPERBTC,SUPER,BTC,TRADING,binance,spot,现货,
SUPERUSDT,SUPER,USDT,TRADING,binance,spot,现货,
CFXBTC,CFX,BTC,TRADING,binance,spot,现货,
CFXUSDT,CFX,USDT,TRADING,binance,spot,现货,
RVNTRY,RVN,TRY,TRADING,binance,spot,现货,
TKOUSDT,TKO,USDT,TRADING,binance,spot,现货,
PUNDIXUSDT,PUNDIX,USDT,TRADING,binance,spot,现货,
WINEUR,WIN,EUR,TRADING,binance,spot,现货,
TLMUSDT,TLM,USDT,TRADING,binance,spot,现货,
ONTTRY,ONT,TRY,TRADING,binance,spot,现货,
VETEUR,VET,EUR,TRADING,binance,spot,现货,
BARUSDT,BAR,USDT,TRADING,binance,spot,现货,
FORTHBTC,FORTH,BTC,TRADING,binance,spot,现货,
FORTHUSDT,FORTH,USDT,TRADING,binance,spot,现货,
BAKEUSDT,BAKE,USDT,TRADING,binance,spot,现货,
SLPUSDT,SLP,USDT,TRADING,binance,spot,现货,
TRXEUR,TRX,EUR,TRADING,binance,spot,现货,
VETTRY,VET,TRY,TRADING,binance,spot,现货,
SHIBUSDT,SHIB,USDT,TRADING,binance,spot,现货,
ICPBTC,ICP,BTC,TRADING,binance,spot,现货,
ICPUSDT,ICP,USDT,TRADING,binance,spot,现货,
SHIBEUR,SHIB,EUR,TRADING,binance,spot,现货,
ARBTC,AR,BTC,TRADING,binance,spot,现货,
ARUSDT,AR,USDT,TRADING,binance,spot,现货,
MASKUSDT,MASK,USDT,TRADING,binance,spot,现货,
LPTBTC,LPT,BTC,TRADING,binance,spot,现货,
LPTBNB,LPT,BNB,TRADING,binance,spot,现货,
LPTUSDT,LPT,USDT,TRADING,binance,spot,现货,
SOLEUR,SOL,EUR,TRADING,binance,spot,现货,
SHIBBRL,SHIB,BRL,TRADING,binance,spot,现货,
ICPEUR,ICP,EUR,TRADING,binance,spot,现货,
SHIBTRY,SHIB,TRY,TRADING,binance,spot,现货,
XVGUSDT,XVG,USDT,TRADING,binance,spot,现货,
ATABTC,ATA,BTC,TRADING,binance,spot,现货,
ATAUSDT,ATA,USDT,TRADING,binance,spot,现货,
GTCUSDT,GTC,USDT,TRADING,binance,spot,现货,
BAKEBTC,BAKE,BTC,TRADING,binance,spot,现货,
SOLTRY,SOL,TRY,TRADING,binance,spot,现货,
SOLBRL,SOL,BRL,TRADING,binance,spot,现货,
PHAUSDT,PHA,USDT,TRADING,binance,spot,现货,
MLNUSDT,MLN,USDT,TRADING,binance,spot,现货,
GRTTRY,GRT,TRY,TRADING,binance,spot,现货,
DEXEUSDT,DEXE,USDT,TRADING,binance,spot,现货,
C98USDT,C98,USDT,TRADING,binance,spot,现货,
QNTBTC,QNT,BTC,TRADING,binance,spot,现货,
QNTUSDT,QNT,USDT,TRADING,binance,spot,现货,
FLOWBTC,FLOW,BTC,TRADING,binance,spot,现货,
FLOWUSDT,FLOW,USDT,TRADING,binance,spot,现货,
MINABTC,MINA,BTC,TRADING,binance,spot,现货,
MINAUSDT,MINA,USDT,TRADING,binance,spot,现货,
RAYUSDT,RAY,USDT,TRADING,binance,spot,现货,
FARMUSDT,FARM,USDT,TRADING,binance,spot,现货,
TLMTRY,TLM,TRY,TRADING,binance,spot,现货,
QUICKUSDT,QUICK,USDT,TRADING,binance,spot,现货,
MBOXUSDT,MBOX,USDT,TRADING,binance,spot,现货,
REQUSDT,REQ,USDT,TRADING,binance,spot,现货,
GHSTUSDT,GHST,USDT,TRADING,binance,spot,现货,
WAXPUSDT,WAXP,USDT,TRADING,binance,spot,现货,
WAXPBTC,WAXP,BTC,TRADING,binance,spot,现货,
GNOUSDT,GNO,USDT,TRADING,binance,spot,现货,
ARPATRY,ARPA,TRY,TRADING,binance,spot,现货,
XECUSDT,XEC,USDT,TRADING,binance,spot,现货,
DYDXUSDT,DYDX,USDT,TRADING,binance,spot,现货,
DYDXBTC,DYDX,BTC,TRADING,binance,spot,现货,
IDEXUSDT,IDEX,USDT,TRADING,binance,spot,现货,
USDPUSDT,USDP,USDT,TRADING,binance,spot,现货,
GALAUSDT,GALA,USDT,TRADING,binance,spot,现货,
GALABTC,GALA,BTC,TRADING,binance,spot,现货,
ILVUSDT,ILV,USDT,TRADING,binance,spot,现货,
ILVBTC,ILV,BTC,TRADING,binance,spot,现货,
YGGUSDT,YGG,USDT,TRADING,binance,spot,现货,
YGGBTC,YGG,BTC,TRADING,binance,spot,现货,
SYSUSDT,SYS,USDT,TRADING,binance,spot,现货,
DFUSDT,DF,USDT,TRADING,binance,spot,现货,
SOLUSDC,SOL,USDC,TRADING,binance,spot,现货,
FIDAUSDT,FIDA,USDT,TRADING,binance,spot,现货,
FIDABTC,FIDA,BTC,TRADING,binance,spot,现货,
AGLDBTC,AGLD,BTC,TRADING,binance,spot,现货,
AGLDUSDT,AGLD,USDT,TRADING,binance,spot,现货,
RADUSDT,RAD,USDT,TRADING,binance,spot,现货,
RAREBTC,RARE,BTC,TRADING,binance,spot,现货,
RAREUSDT,RARE,USDT,TRADING,binance,spot,现货,
AVAXBRL,AVAX,BRL,TRADING,binance,spot,现货,
AXSETH,AXS,ETH,TRADING,binance,spot,现货,
SOLETH,SOL,ETH,TRADING,binance,spot,现货,
SSVBTC,SSV,BTC,TRADING,binance,spot,现货,
SSVETH,SSV,ETH,TRADING,binance,spot,现货,
LAZIOTRY,LAZIO,TRY,TRADING,binance,spot,现货,
LAZIOUSDT,LAZIO,USDT,TRADING,binance,spot,现货,
CHESSUSDT,CHESS,USDT,TRADING,binance,spot,现货,
ADXUSDT,ADX,USDT,TRADING,binance,spot,现货,
AUCTIONUSDT,AUCTION,USDT,TRADING,binance,spot,现货,
SHIBDOGE,SHIB,DOGE,TRADING,binance,spot,现货,
MANATRY,MANA,TRY,TRADING,binance,spot,现货,
MOVRBTC,MOVR,BTC,TRADING,binance,spot,现货,
MOVRUSDT,MOVR,USDT,TRADING,binance,spot,现货,
CITYUSDT,CITY,USDT,TRADING,binance,spot,现货,
ENSBTC,ENS,BTC,TRADING,binance,spot,现货,
ENSUSDT,ENS,USDT,TRADING,binance,spot,现货,
DOTETH,DOT,ETH,TRADING,binance,spot,现货,
SANDTRY,SAND,TRY,TRADING,binance,spot,现货,
QIUSDT,QI,USDT,TRADING,binance,spot,现货,
PORTOUSDT,PORTO,USDT,TRADING,binance,spot,现货,
PORTOTRY,PORTO,TRY,TRADING,binance,spot,现货,
POWRUSDT,POWR,USDT,TRADING,binance,spot,现货,
AVAXETH,AVAX,ETH,TRADING,binance,spot,现货,
SLPTRY,SLP,TRY,TRADING,binance,spot,现货,
LRCTRY,LRC,TRY,TRADING,binance,spot,现货,
GALAETH,GALA,ETH,TRADING,binance,spot,现货,
JASMYUSDT,JASMY,USDT,TRADING,binance,spot,现货,
AMPUSDT,AMP,USDT,TRADING,binance,spot,现货,
PYRBTC,PYR,BTC,TRADING,binance,spot,现货,
PYRUSDT,PYR,USDT,TRADING,binance,spot,现货,
ALCXUSDT,ALCX,USDT,TRADING,binance,spot,现货,
SANTOSBTC,SANTOS,BTC,TRADING,binance,spot,现货,
SANTOSUSDT,SANTOS,USDT,TRADING,binance,spot,现货,
SANTOSTRY,SANTOS,TRY,TRADING,binance,spot,现货,
BELTRY,BEL,TRY,TRADING,binance,spot,现货,
DENTTRY,DENT,TRY,TRADING,binance,spot,现货,
ENJTRY,ENJ,TRY,TRADING,binance,spot,现货,
BICOBTC,BICO,BTC,TRADING,binance,spot,现货,
BICOUSDT,BICO,USDT,TRADING,binance,spot,现货,
FLUXBTC,FLUX,BTC,TRADING,binance,spot,现货,
FLUXUSDT,FLUX,USDT,TRADING,binance,spot,现货,
ALICETRY,ALICE,TRY,TRADING,binance,spot,现货,
FXSUSDT,FXS,USDT,TRADING,binance,spot,现货,
GALABRL,GALA,BRL,TRADING,binance,spot,现货,
GALATRY,GALA,TRY,TRADING,binance,spot,现货,
LUNATRY,LUNA,TRY,TRADING,binance,spot,现货,
VOXELUSDT,VOXEL,USDT,TRADING,binance,spot,现货,
MINATRY,MINA,TRY,TRADING,binance,spot,现货,
HIGHUSDT,HIGH,USDT,TRADING,binance,spot,现货,
CVXUSDT,CVX,USDT,TRADING,binance,spot,现货,
PEOPLEBTC,PEOPLE,BTC,TRADING,binance,spot,现货,
PEOPLEUSDT,PEOPLE,USDT,TRADING,binance,spot,现货,
LINKBNB,LINK,BNB,TRADING,binance,spot,现货,
SPELLUSDT,SPELL,USDT,TRADING,binance,spot,现货,
JOEBTC,JOE,BTC,TRADING,binance,spot,现货,
JOEUSDT,JOE,USDT,TRADING,binance,spot,现货,
ATOMETH,ATOM,ETH,TRADING,binance,spot,现货,
EGLDETH,EGLD,ETH,TRADING,binance,spot,现货,
ICPETH,ICP,ETH,TRADING,binance,spot,现货,
NEARETH,NEAR,ETH,TRADING,binance,spot,现货,
ATOMTRY,ATOM,TRY,TRADING,binance,spot,现货,
ACHBTC,ACH,BTC,TRADING,binance,spot,现货,
ACHUSDT,ACH,USDT,TRADING,binance,spot,现货,
IMXBTC,IMX,BTC,TRADING,binance,spot,现货,
IMXUSDT,IMX,USDT,TRADING,binance,spot,现货,
GLMRBTC,GLMR,BTC,TRADING,binance,spot,现货,
GLMRUSDT,GLMR,USDT,TRADING,binance,spot,现货,
ICPTRY,ICP,TRY,TRADING,binance,spot,现货,
UNIETH,UNI,ETH,TRADING,binance,spot,现货,
LOKABTC,LOKA,BTC,TRADING,binance,spot,现货,
LOKAUSDT,LOKA,USDT,TRADING,binance,spot,现货,
ROSETRY,ROSE,TRY,TRADING,binance,spot,现货,
SCRTUSDT,SCRT,USDT,TRADING,binance,spot,现货,
API3BTC,API3,BTC,TRADING,binance,spot,现货,
API3USDT,API3,USDT,TRADING,binance,spot,现货,
BTTCUSDT,BTTC,USDT,TRADING,binance,spot,现货,
BTTCTRY,BTTC,TRY,TRADING,binance,spot,现货,
ACAUSDT,ACA,USDT,TRADING,binance,spot,现货,
XNOBTC,XNO,BTC,TRADING,binance,spot,现货,
XNOUSDT,XNO,USDT,TRADING,binance,spot,现货,
COSTRY,COS,TRY,TRADING,binance,spot,现货,
ONETRY,ONE,TRY,TRADING,binance,spot,现货,
WOOUSDT,WOO,USDT,TRADING,binance,spot,现货,
SPELLTRY,SPELL,TRY,TRADING,binance,spot,现货,
AXSTRY,AXS,TRY,TRADING,binance,spot,现货,
NEARTRY,NEAR,TRY,TRADING,binance,spot,现货,
ALPINETRY,ALPINE,TRY,TRADING,binance,spot,现货,
ALPINEUSDT,ALPINE,USDT,TRADING,binance,spot,现货,
TUSDT,T,USDT,TRADING,binance,spot,现货,
INJTRY,INJ,TRY,TRADING,binance,spot,现货,
ASTRUSDT,ASTR,USDT,TRADING,binance,spot,现货,
API3TRY,API3,TRY,TRADING,binance,spot,现货,
MBOXTRY,MBOX,TRY,TRADING,binance,spot,现货,
GMTBTC,GMT,BTC,TRADING,binance,spot,现货,
GMTUSDT,GMT,USDT,TRADING,binance,spot,现货,
ATOMEUR,ATOM,EUR,TRADING,binance,spot,现货,
GALAEUR,GALA,EUR,TRADING,binance,spot,现货,
UMATRY,UMA,TRY,TRADING,binance,spot,现货,
KDABTC,KDA,BTC,TRADING,binance,spot,现货,
KDAUSDT,KDA,USDT,TRADING,binance,spot,现货,
APEUSDT,APE,USDT,TRADING,binance,spot,现货,
APEBTC,APE,BTC,TRADING,binance,spot,现货,
NEAREUR,NEAR,EUR,TRADING,binance,spot,现货,
TWTTRY,TWT,TRY,TRADING,binance,spot,现货,
APETRY,APE,TRY,TRADING,binance,spot,现货,
JASMYTRY,JASMY,TRY,TRADING,binance,spot,现货,
BIFIUSDT,BIFI,USDT,TRADING,binance,spot,现货,
GMTEUR,GMT,EUR,TRADING,binance,spot,现货,
RUNEETH,RUNE,ETH,TRADING,binance,spot,现货,
FILTRY,FIL,TRY,TRADING,binance,spot,现货,
ZILTRY,ZIL,TRY,TRADING,binance,spot,现货,
GMTTRY,GMT,TRY,TRADING,binance,spot,现货,
ASTRBTC,ASTR,BTC,TRADING,binance,spot,现货,
STEEMUSDT,STEEM,USDT,TRADING,binance,spot,现货,
AUDIOTRY,AUDIO,TRY,TRADING,binance,spot,现货,
NEXOUSDT,NEXO,USDT,TRADING,binance,spot,现货,
NEXOBTC,NEXO,BTC,TRADING,binance,spot,现货,
REIUSDT,REI,USDT,TRADING,binance,spot,现货,
LDOUSDT,LDO,USDT,TRADING,binance,spot,现货,
LDOBTC,LDO,BTC,TRADING,binance,spot,现货,
ENSTRY,ENS,TRY,TRADING,binance,spot,现货,
ALGOTRY,ALGO,TRY,TRADING,binance,spot,现货,
OPBTC,OP,BTC,TRADING,binance,spot,现货,
OPUSDT,OP,USDT,TRADING,binance,spot,现货,
OPEUR,OP,EUR,TRADING,binance,spot,现货,
STORJTRY,STORJ,TRY,TRADING,binance,spot,现货,
OPETH,OP,ETH,TRADING,binance,spot,现货,
ETCTRY,ETC,TRY,TRADING,binance,spot,现货,
FILETH,FIL,ETH,TRADING,binance,spot,现货,
STGBTC,STG,BTC,TRADING,binance,spot,现货,
STGUSDT,STG,USDT,TRADING,binance,spot,现货,
ANKRTRY,ANKR,TRY,TRADING,binance,spot,现货,
LUNCUSDT,LUNC,USDT,TRADING,binance,spot,现货,
GMXUSDT,GMX,USDT,TRADING,binance,spot,现货,
POLYXBTC,POLYX,BTC,TRADING,binance,spot,现货,
POLYXUSDT,POLYX,USDT,TRADING,binance,spot,现货,
APTBTC,APT,BTC,TRADING,binance,spot,现货,
APTUSDT,APT,USDT,TRADING,binance,spot,现货,
BTCPLN,BTC,PLN,TRADING,binance,spot,现货,
ETHPLN,ETH,PLN,TRADING,binance,spot,现货,
APTEUR,APT,EUR,TRADING,binance,spot,现货,
APTTRY,APT,TRY,TRADING,binance,spot,现货,
OSMOUSDT,OSMO,USDT,TRADING,binance,spot,现货,
HFTBTC,HFT,BTC,TRADING,binance,spot,现货,
HFTUSDT,HFT,USDT,TRADING,binance,spot,现货,
PHBUSDT,PHB,USDT,TRADING,binance,spot,现货,
HOOKUSDT,HOOK,USDT,TRADING,binance,spot,现货,
MAGICBTC,MAGIC,BTC,TRADING,binance,spot,现货,
MAGICUSDT,MAGIC,USDT,TRADING,binance,spot,现货,
HIFIUSDT,HIFI,USDT,TRADING,binance,spot,现货,
RPLUSDT,RPL,USDT,TRADING,binance,spot,现货,
FETTRY,FET,TRY,TRADING,binance,spot,现货,
APTETH,APT,ETH,TRADING,binance,spot,现货,
BTCRON,BTC,RON,TRADING,binance,spot,现货,
GNSUSDT,GNS,USDT,TRADING,binance,spot,现货,
SYNUSDT,SYN,USDT,TRADING,binance,spot,现货,
SSVUSDT,SSV,USDT,TRADING,binance,spot,现货,
LQTYUSDT,LQTY,USDT,TRADING,binance,spot,现货,
CFXTRY,CFX,TRY,TRADING,binance,spot,现货,
STXTRY,STX,TRY,TRADING,binance,spot,现货,
USTCUSDT,USTC,USDT,TRADING,binance,spot,现货,
GASUSDT,GAS,USDT,TRADING,binance,spot,现货,
GLMUSDT,GLM,USDT,TRADING,binance,spot,现货,
PROMUSDT,PROM,USDT,TRADING,binance,spot,现货,
QKCUSDT,QKC,USDT,TRADING,binance,spot,现货,
IDBTC,ID,BTC,TRADING,binance,spot,现货,
IDUSDT,ID,USDT,TRADING,binance,spot,现货,
ARBBTC,ARB,BTC,TRADING,binance,spot,现货,
ARBUSDT,ARB,USDT,TRADING,binance,spot,现货,
ARBTUSD,ARB,TUSD,TRADING,binance,spot,现货,
ARBTRY,ARB,TRY,TRADING,binance,spot,现货,
ARBEUR,ARB,EUR,TRADING,binance,spot,现货,
IDTRY,ID,TRY,TRADING,binance,spot,现货,
SOLTUSD,SOL,TUSD,TRADING,binance,spot,现货,
RDNTUSDT,RDNT,USDT,TRADING,binance,spot,现货,
MAGICTRY,MAGIC,TRY,TRADING,binance,spot,现货,
USDTPLN,USDT,PLN,TRADING,binance,spot,现货,
ACHTRY,ACH,TRY,TRADING,binance,spot,现货,
XVSTRY,XVS,TRY,TRADING,binance,spot,现货,
EGLDRON,EGLD,RON,TRADING,binance,spot,现货,
USDTARS,USDT,ARS,TRADING,binance,spot,现货,
DOGETUSD,DOGE,TUSD,TRADING,binance,spot,现货,
WBTCUSDT,WBTC,USDT,TRADING,binance,spot,现货,
EDUUSDT,EDU,USDT,TRADING,binance,spot,现货,
EDUTRY,EDU,TRY,TRADING,binance,spot,现货,
SUIUSDT,SUI,USDT,TRADING,binance,spot,现货,
SUIBTC,SUI,BTC,TRADING,binance,spot,现货,
SUIBNB,SUI,BNB,TRADING,binance,spot,现货,
SUIEUR,SUI,EUR,TRADING,binance,spot,现货,
SUITRY,SUI,TRY,TRADING,binance,spot,现货,
PEPEUSDT,PEPE,USDT,TRADING,binance,spot,现货,
FLOKIUSDT,FLOKI,USDT,TRADING,binance,spot,现货,
OGTRY,OG,TRY,TRADING,binance,spot,现货,
PEPETRY,PEPE,TRY,TRADING,binance,spot,现货,
WBETHETH,WBETH,ETH,TRADING,binance,spot,现货,
FLOKITRY,FLOKI,TRY,TRADING,binance,spot,现货,
CITYTRY,CITY,TRY,TRADING,binance,spot,现货,
LTCTRY,LTC,TRY,TRADING,binance,spot,现货,
RADTRY,RAD,TRY,TRADING,binance,spot,现货,
BTCARS,BTC,ARS,TRADING,binance,spot,现货,
OPTRY,OP,TRY,TRADING,binance,spot,现货,
PAXGTRY,PAXG,TRY,TRADING,binance,spot,现货,
MAVBTC,MAV,BTC,TRADING,binance,spot,现货,
MAVUSDT,MAV,USDT,TRADING,binance,spot,现货,
PENDLEBTC,PENDLE,BTC,TRADING,binance,spot,现货,
PENDLEUSDT,PENDLE,USDT,TRADING,binance,spot,现货,
MAVTRY,MAV,TRY,TRADING,binance,spot,现货,
ARBETH,ARB,ETH,TRADING,binance,spot,现货,
BCHTRY,BCH,TRY,TRADING,binance,spot,现货,
XVGTRY,XVG,TRY,TRADING,binance,spot,现货,
ARKMUSDT,ARKM,USDT,TRADING,binance,spot,现货,
ARKMTRY,ARKM,TRY,TRADING,binance,spot,现货,
ARKMBNB,ARKM,BNB,TRADING,binance,spot,现货,
ARKMBTC,ARKM,BTC,TRADING,binance,spot,现货,
WBETHUSDT,WBETH,USDT,TRADING,binance,spot,现货,
ACATRY,ACA,TRY,TRADING,binance,spot,现货,
COMPTRY,COMP,TRY,TRADING,binance,spot,现货,
XECTRY,XEC,TRY,TRADING,binance,spot,现货,
WLDUSDT,WLD,USDT,TRADING,binance,spot,现货,
WLDBTC,WLD,BTC,TRADING,binance,spot,现货,
BNBFDUSD,BNB,FDUSD,TRADING,binance,spot,现货,
FDUSDUSDT,FDUSD,USDT,TRADING,binance,spot,现货,
WLDTRY,WLD,TRY,TRADING,binance,spot,现货,
AMPTRY,AMP,TRY,TRADING,binance,spot,现货,
OGNTRY,OGN,TRY,TRADING,binance,spot,现货,
BTCFDUSD,BTC,FDUSD,TRADING,binance,spot,现货,
ETHFDUSD,ETH,FDUSD,TRADING,binance,spot,现货,
ASRTRY,ASR,TRY,TRADING,binance,spot,现货,
ATMTRY,ATM,TRY,TRADING,binance,spot,现货,
BARTRY,BAR,TRY,TRADING,binance,spot,现货,
JUVTRY,JUV,TRY,TRADING,binance,spot,现货,
PSGTRY,PSG,TRY,TRADING,binance,spot,现货,
SEIBNB,SEI,BNB,TRADING,binance,spot,现货,
SEIBTC,SEI,BTC,TRADING,binance,spot,现货,
SEIFDUSD,SEI,FDUSD,TRADING,binance,spot,现货,
SEITRY,SEI,TRY,TRADING,binance,spot,现货,
SEIUSDT,SEI,USDT,TRADING,binance,spot,现货,
CYBERBNB,CYBER,BNB,TRADING,binance,spot,现货,
CYBERBTC,CYBER,BTC,TRADING,binance,spot,现货,
CYBERFDUSD,CYBER,FDUSD,TRADING,binance,spot,现货,
CYBERTRY,CYBER,TRY,TRADING,binance,spot,现货,
CYBERUSDT,CYBER,USDT,TRADING,binance,spot,现货,
LPTTRY,LPT,TRY,TRADING,binance,spot,现货,
UNITRY,UNI,TRY,TRADING,binance,spot,现货,
SOLFDUSD,SOL,FDUSD,TRADING,binance,spot,现货,
XRPFDUSD,XRP,FDUSD,TRADING,binance,spot,现货,
DOGEFDUSD,DOGE,FDUSD,TRADING,binance,spot,现货,
CYBERETH,CYBER,ETH,TRADING,binance,spot,现货,
ARKUSDT,ARK,USDT,TRADING,binance,spot,现货,
IQUSDT,IQ,USDT,TRADING,binance,spot,现货,
ARBFDUSD,ARB,FDUSD,TRADING,binance,spot,现货,
FDUSDTRY,FDUSD,TRY,TRADING,binance,spot,现货,
SUIFDUSD,SUI,FDUSD,TRADING,binance,spot,现货,
NTRNUSDT,NTRN,USDT,TRADING,binance,spot,现货,
NTRNBNB,NTRN,BNB,TRADING,binance,spot,现货,
FILFDUSD,FIL,FDUSD,TRADING,binance,spot,现货,
LTCFDUSD,LTC,FDUSD,TRADING,binance,spot,现货,
ADAFDUSD,ADA,FDUSD,TRADING,binance,spot,现货,
TRBTRY,TRB,TRY,TRADING,binance,spot,现货,
ATOMFDUSD,ATOM,FDUSD,TRADING,binance,spot,现货,
AVAXFDUSD,AVAX,FDUSD,TRADING,binance,spot,现货,
BCHFDUSD,BCH,FDUSD,TRADING,binance,spot,现货,
DOTFDUSD,DOT,FDUSD,TRADING,binance,spot,现货,
LINKFDUSD,LINK,FDUSD,TRADING,binance,spot,现货,
NEARFDUSD,NEAR,FDUSD,TRADING,binance,spot,现货,
STRAXTRY,STRAX,TRY,TRADING,binance,spot,现货,
TIABTC,TIA,BTC,TRADING,binance,spot,现货,
TIAUSDT,TIA,USDT,TRADING,binance,spot,现货,
TIATRY,TIA,TRY,TRADING,binance,spot,现货,
MEMEUSDT,MEME,USDT,TRADING,binance,spot,现货,
MEMEFDUSD,MEME,FDUSD,TRADING,binance,spot,现货,
MEMETRY,MEME,TRY,TRADING,binance,spot,现货,
ORDIBTC,ORDI,BTC,TRADING,binance,spot,现货,
ORDIUSDT,ORDI,USDT,TRADING,binance,spot,现货,
ORDITRY,ORDI,TRY,TRADING,binance,spot,现货,
EGLDFDUSD,EGLD,FDUSD,TRADING,binance,spot,现货,
FETFDUSD,FET,FDUSD,TRADING,binance,spot,现货,
INJETH,INJ,ETH,TRADING,binance,spot,现货,
OPFDUSD,OP,FDUSD,TRADING,binance,spot,现货,
ORDIFDUSD,ORDI,FDUSD,TRADING,binance,spot,现货,
BEAMXUSDT,BEAMX,USDT,TRADING,binance,spot,现货,
ARKTRY,ARK,TRY,TRADING,binance,spot,现货,
BEAMXTRY,BEAMX,TRY,TRADING,binance,spot,现货,
CAKETRY,CAKE,TRY,TRADING,binance,spot,现货,
DYDXFDUSD,DYDX,FDUSD,TRADING,binance,spot,现货,
PIVXUSDT,PIVX,USDT,TRADING,binance,spot,现货,
RUNEFDUSD,RUNE,FDUSD,TRADING,binance,spot,现货,
GALAFDUSD,GALA,FDUSD,TRADING,binance,spot,现货,
WLDFDUSD,WLD,FDUSD,TRADING,binance,spot,现货,
GASTRY,GAS,TRY,TRADING,binance,spot,现货,
NTRNTRY,NTRN,TRY,TRADING,binance,spot,现货,
VICUSDT,VIC,USDT,TRADING,binance,spot,现货,
VICTRY,VIC,TRY,TRADING,binance,spot,现货,
BLURUSDT,BLUR,USDT,TRADING,binance,spot,现货,
BLURTRY,BLUR,TRY,TRADING,binance,spot,现货,
USTCTRY,USTC,TRY,TRADING,binance,spot,现货,
DYDXTRY,DYDX,TRY,TRADING,binance,spot,现货,
VANRYUSDT,VANRY,USDT,TRADING,binance,spot,现货,
AEURUSDT,AEUR,USDT,TRADING,binance,spot,现货,
AUCTIONFDUSD,AUCTION,FDUSD,TRADING,binance,spot,现货,
LUNCTRY,LUNC,TRY,TRADING,binance,spot,现货,
SUPERTRY,SUPER,TRY,TRADING,binance,spot,现货,
JTOUSDT,JTO,USDT,TRADING,binance,spot,现货,
JTOFDUSD,JTO,FDUSD,TRADING,binance,spot,现货,
JTOTRY,JTO,TRY,TRADING,binance,spot,现货,
1000SATSUSDT,1000SATS,USDT,TRADING,binance,spot,现货,
1000SATSFDUSD,1000SATS,FDUSD,TRADING,binance,spot,现货,
1000SATSTRY,1000SATS,TRY,TRADING,binance,spot,现货,
SHIBFDUSD,SHIB,FDUSD,TRADING,binance,spot,现货,
SANDFDUSD,SAND,FDUSD,TRADING,binance,spot,现货,
IOTATRY,IOTA,TRY,TRADING,binance,spot,现货,
INJFDUSD,INJ,FDUSD,TRADING,binance,spot,现货,
FIDATRY,FIDA,TRY,TRADING,binance,spot,现货,
BONKUSDT,BONK,USDT,TRADING,binance,spot,现货,
BONKFDUSD,BONK,FDUSD,TRADING,binance,spot,现货,
BONKTRY,BONK,TRY,TRADING,binance,spot,现货,
ACEUSDT,ACE,USDT,TRADING,binance,spot,现货,
ACETRY,ACE,TRY,TRADING,binance,spot,现货,
RARETRY,RARE,TRY,TRADING,binance,spot,现货,
VANRYTRY,VANRY,TRY,TRADING,binance,spot,现货,
NFPBTC,NFP,BTC,TRADING,binance,spot,现货,
NFPUSDT,NFP,USDT,TRADING,binance,spot,现货,
NFPFDUSD,NFP,FDUSD,TRADING,binance,spot,现货,
NFPTRY,NFP,TRY,TRADING,binance,spot,现货,
ARBUSDC,ARB,USDC,TRADING,binance,spot,现货,
AVAXUSDC,AVAX,USDC,TRADING,binance,spot,现货,
DOTUSDC,DOT,USDC,TRADING,binance,spot,现货,
INJUSDC,INJ,USDC,TRADING,binance,spot,现货,
OPUSDC,OP,USDC,TRADING,binance,spot,现货,
ORDIUSDC,ORDI,USDC,TRADING,binance,spot,现货,
AIBTC,AI,BTC,TRADING,binance,spot,现货,
AIUSDT,AI,USDT,TRADING,binance,spot,现货,
AIBNB,AI,BNB,TRADING,binance,spot,现货,
AIFDUSD,AI,FDUSD,TRADING,binance,spot,现货,
AITRY,AI,TRY,TRADING,binance,spot,现货,
ICPFDUSD,ICP,FDUSD,TRADING,binance,spot,现货,
LDOFDUSD,LDO,FDUSD,TRADING,binance,spot,现货,
MOVRTRY,MOVR,TRY,TRADING,binance,spot,现货,
XAIUSDT,XAI,USDT,TRADING,binance,spot,现货,
XAITRY,XAI,TRY,TRADING,binance,spot,现货,
SKLTRY,SKL,TRY,TRADING,binance,spot,现货,
STXFDUSD,STX,FDUSD,TRADING,binance,spot,现货,
TIAFDUSD,TIA,FDUSD,TRADING,binance,spot,现货,
MANTABTC,MANTA,BTC,TRADING,binance,spot,现货,
MANTAUSDT,MANTA,USDT,TRADING,binance,spot,现货,
MANTAFDUSD,MANTA,FDUSD,TRADING,binance,spot,现货,
MANTATRY,MANTA,TRY,TRADING,binance,spot,现货,
ENSFDUSD,ENS,FDUSD,TRADING,binance,spot,现货,
ETCFDUSD,ETC,FDUSD,TRADING,binance,spot,现货,
SUIUSDC,SUI,USDC,TRADING,binance,spot,现货,
TIAUSDC,TIA,USDC,TRADING,binance,spot,现货,
MANTAUSDC,MANTA,USDC,TRADING,binance,spot,现货,
ALTBTC,ALT,BTC,TRADING,binance,spot,现货,
ALTUSDT,ALT,USDT,TRADING,binance,spot,现货,
ALTBNB,ALT,BNB,TRADING,binance,spot,现货,
ALTFDUSD,ALT,FDUSD,TRADING,binance,spot,现货,
ALTTRY,ALT,TRY,TRADING,binance,spot,现货,
APTFDUSD,APT,FDUSD,TRADING,binance,spot,现货,
BLURUSDC,BLUR,USDC,TRADING,binance,spot,现货,
JUPUSDT,JUP,USDT,TRADING,binance,spot,现货,
JUPFDUSD,JUP,FDUSD,TRADING,binance,spot,现货,
JUPTRY,JUP,TRY,TRADING,binance,spot,现货,
ALTUSDC,ALT,USDC,TRADING,binance,spot,现货,
SEIUSDC,SEI,USDC,TRADING,binance,spot,现货,
PYTHBTC,PYTH,BTC,TRADING,binance,spot,现货,
PYTHUSDT,PYTH,USDT,TRADING,binance,spot,现货,
PYTHFDUSD,PYTH,FDUSD,TRADING,binance,spot,现货,
PYTHTRY,PYTH,TRY,TRADING,binance,spot,现货,
RONINBTC,RONIN,BTC,TRADING,binance,spot,现货,
RONINUSDT,RONIN,USDT,TRADING,binance,spot,现货,
RONINFDUSD,RONIN,FDUSD,TRADING,binance,spot,现货,
RONINTRY,RONIN,TRY,TRADING,binance,spot,现货,
DYMUSDT,DYM,USDT,TRADING,binance,spot,现货,
DYMTRY,DYM,TRY,TRADING,binance,spot,现货,
JUPUSDC,JUP,USDC,TRADING,binance,spot,现货,
PENDLEFDUSD,PENDLE,FDUSD,TRADING,binance,spot,现货,
PIXELUSDT,PIXEL,USDT,TRADING,binance,spot,现货,
PIXELTRY,PIXEL,TRY,TRADING,binance,spot,现货,
STRKUSDT,STRK,USDT,TRADING,binance,spot,现货,
STRKFDUSD,STRK,FDUSD,TRADING,binance,spot,现货,
STRKTRY,STRK,TRY,TRADING,binance,spot,现货,
FILUSDC,FIL,USDC,TRADING,binance,spot,现货,
HBARTRY,HBAR,TRY,TRADING,binance,spot,现货,
PENDLETRY,PENDLE,TRY,TRADING,binance,spot,现货,
WLDUSDC,WLD,USDC,TRADING,binance,spot,现货,
CKBTRY,CKB,TRY,TRADING,binance,spot,现货,
COTITRY,COTI,TRY,TRADING,binance,spot,现货,
LDOTRY,LDO,TRY,TRADING,binance,spot,现货,
UNIUSDC,UNI,USDC,TRADING,binance,spot,现货,
PORTALBTC,PORTAL,BTC,TRADING,binance,spot,现货,
PORTALUSDT,PORTAL,USDT,TRADING,binance,spot,现货,
PORTALBNB,PORTAL,BNB,TRADING,binance,spot,现货,
PORTALFDUSD,PORTAL,FDUSD,TRADING,binance,spot,现货,
PORTALTRY,PORTAL,TRY,TRADING,binance,spot,现货,
AXLBTC,AXL,BTC,TRADING,binance,spot,现货,
AXLUSDT,AXL,USDT,TRADING,binance,spot,现货,
AXLTRY,AXL,TRY,TRADING,binance,spot,现货,
PEPEFDUSD,PEPE,FDUSD,TRADING,binance,spot,现货,
PIXELUSDC,PIXEL,USDC,TRADING,binance,spot,现货,
STRKUSDC,STRK,USDC,TRADING,binance,spot,现货,
UNIFDUSD,UNI,FDUSD,TRADING,binance,spot,现货,
OMTRY,OM,TRY,TRADING,binance,spot,现货,
THETATRY,THETA,TRY,TRADING,binance,spot,现货,
WIFBTC,WIF,BTC,TRADING,binance,spot,现货,
WIFUSDT,WIF,USDT,TRADING,binance,spot,现货,
WIFFDUSD,WIF,FDUSD,TRADING,binance,spot,现货,
WIFTRY,WIF,TRY,TRADING,binance,spot,现货,
PEPEUSDC,PEPE,USDC,TRADING,binance,spot,现货,
SHIBUSDC,SHIB,USDC,TRADING,binance,spot,现货,
ARTRY,AR,TRY,TRADING,binance,spot,现货,
METISUSDT,METIS,USDT,TRADING,binance,spot,现货,
METISTRY,METIS,TRY,TRADING,binance,spot,现货,
BNBJPY,BNB,JPY,TRADING,binance,spot,现货,
BTCJPY,BTC,JPY,TRADING,binance,spot,现货,
ETHJPY,ETH,JPY,TRADING,binance,spot,现货,
FLOKIFDUSD,FLOKI,FDUSD,TRADING,binance,spot,现货,
GRTFDUSD,GRT,FDUSD,TRADING,binance,spot,现货,
NEARUSDC,NEAR,USDC,TRADING,binance,spot,现货,
SNXTRY,SNX,TRY,TRADING,binance,spot,现货,
AEVOBTC,AEVO,BTC,TRADING,binance,spot,现货,
AEVOUSDT,AEVO,USDT,TRADING,binance,spot,现货,
AEVOFDUSD,AEVO,FDUSD,TRADING,binance,spot,现货,
AEVOTRY,AEVO,TRY,TRADING,binance,spot,现货,
FETUSDC,FET,USDC,TRADING,binance,spot,现货,
EURUSDC,EUR,USDC,TRADING,binance,spot,现货,
BOMETRY,BOME,TRY,TRADING,binance,spot,现货,
BOMEUSDT,BOME,USDT,TRADING,binance,spot,现货,
BOMEFDUSD,BOME,FDUSD,TRADING,binance,spot,现货,
ETHFIUSDT,ETHFI,USDT,TRADING,binance,spot,现货,
ETHFIFDUSD,ETHFI,FDUSD,TRADING,binance,spot,现货,
ETHFITRY,ETHFI,TRY,TRADING,binance,spot,现货,
AAVETRY,AAVE,TRY,TRADING,binance,spot,现货,
ARKMFDUSD,ARKM,FDUSD,TRADING,binance,spot,现货,
CRVTRY,CRV,TRY,TRADING,binance,spot,现货,
RAYFDUSD,RAY,FDUSD,TRADING,binance,spot,现货,
BONKUSDC,BONK,USDC,TRADING,binance,spot,现货,
FLOKIUSDC,FLOKI,USDC,TRADING,binance,spot,现货,
MKRTRY,MKR,TRY,TRADING,binance,spot,现货,
RAYTRY,RAY,TRY,TRADING,binance,spot,现货,
ENABTC,ENA,BTC,TRADING,binance,spot,现货,
ENAUSDT,ENA,USDT,TRADING,binance,spot,现货,
ENABNB,ENA,BNB,TRADING,binance,spot,现货,
ENAFDUSD,ENA,FDUSD,TRADING,binance,spot,现货,
ENATRY,ENA,TRY,TRADING,binance,spot,现货,
MASKTRY,MASK,TRY,TRADING,binance,spot,现货,
PENDLEUSDC,PENDLE,USDC,TRADING,binance,spot,现货,
RDNTTRY,RDNT,TRY,TRADING,binance,spot,现货,
WBTC,W,BTC,TRADING,binance,spot,现货,
WUSDT,W,USDT,TRADING,binance,spot,现货,
WFDUSD,W,FDUSD,TRADING,binance,spot,现货,
WTRY,W,TRY,TRADING,binance,spot,现货,
BOMEUSDC,BOME,USDC,TRADING,binance,spot,现货,
JTOUSDC,JTO,USDC,TRADING,binance,spot,现货,
WIFUSDC,WIF,USDC,TRADING,binance,spot,现货,
TNSRUSDT,TNSR,USDT,TRADING,binance,spot,现货,
TNSRTRY,TNSR,TRY,TRADING,binance,spot,现货,
SAGABTC,SAGA,BTC,TRADING,binance,spot,现货,
SAGAUSDT,SAGA,USDT,TRADING,binance,spot,现货,
SAGABNB,SAGA,BNB,TRADING,binance,spot,现货,
SAGAFDUSD,SAGA,FDUSD,TRADING,binance,spot,现货,
SAGATRY,SAGA,TRY,TRADING,binance,spot,现货,
USDTMXN,USDT,MXN,TRADING,binance,spot,现货,
CKBUSDC,CKB,USDC,TRADING,binance,spot,现货,
ENAUSDC,ENA,USDC,TRADING,binance,spot,现货,
ETHFIUSDC,ETHFI,USDC,TRADING,binance,spot,现货,
YGGUSDC,YGG,USDC,TRADING,binance,spot,现货,
TAOBTC,TAO,BTC,TRADING,binance,spot,现货,
TAOUSDT,TAO,USDT,TRADING,binance,spot,现货,
TAOFDUSD,TAO,FDUSD,TRADING,binance,spot,现货,
TAOTRY,TAO,TRY,TRADING,binance,spot,现货,
CFXUSDC,CFX,USDC,TRADING,binance,spot,现货,
RUNEUSDC,RUNE,USDC,TRADING,binance,spot,现货,
SAGAUSDC,SAGA,USDC,TRADING,binance,spot,现货,
POLYXTRY,POLYX,TRY,TRADING,binance,spot,现货,
OMNIBTC,OMNI,BTC,TRADING,binance,spot,现货,
OMNIUSDT,OMNI,USDT,TRADING,binance,spot,现货,
OMNIFDUSD,OMNI,FDUSD,TRADING,binance,spot,现货,
OMNITRY,OMNI,TRY,TRADING,binance,spot,现货,
APTUSDC,APT,USDC,TRADING,binance,spot,现货,
GALAUSDC,GALA,USDC,TRADING,binance,spot,现货,
STXUSDC,STX,USDC,TRADING,binance,spot,现货,
ICPUSDC,ICP,USDC,TRADING,binance,spot,现货,
OMNIUSDC,OMNI,USDC,TRADING,binance,spot,现货,
PEPEBRL,PEPE,BRL,TRADING,binance,spot,现货,
YGGTRY,YGG,TRY,TRADING,binance,spot,现货,
ADAJPY,ADA,JPY,TRADING,binance,spot,现货,
SHIBJPY,SHIB,JPY,TRADING,binance,spot,现货,
SOLJPY,SOL,JPY,TRADING,binance,spot,现货,
XRPJPY,XRP,JPY,TRADING,binance,spot,现货,
REZUSDT,REZ,USDT,TRADING,binance,spot,现货,
REZTRY,REZ,TRY,TRADING,binance,spot,现货,
EGLDTRY,EGLD,TRY,TRADING,binance,spot,现货,
PHBTRY,PHB,TRY,TRADING,binance,spot,现货,
RSRTRY,RSR,TRY,TRADING,binance,spot,现货,
BBBTC,BB,BTC,TRADING,binance,spot,现货,
BBUSDT,BB,USDT,TRADING,binance,spot,现货,
BBBNB,BB,BNB,TRADING,binance,spot,现货,
BBFDUSD,BB,FDUSD,TRADING,binance,spot,现货,
BBTRY,BB,TRY,TRADING,binance,spot,现货,
PEOPLETRY,PEOPLE,TRY,TRADING,binance,spot,现货,
TRBUSDC,TRB,USDC,TRADING,binance,spot,现货,
NOTUSDT,NOT,USDT,TRADING,binance,spot,现货,
NOTFDUSD,NOT,FDUSD,TRADING,binance,spot,现货,
NOTTRY,NOT,TRY,TRADING,binance,spot,现货,
ARKMUSDC,ARKM,USDC,TRADING,binance,spot,现货,
ARUSDC,AR,USDC,TRADING,binance,spot,现货,
BBUSDC,BB,USDC,TRADING,binance,spot,现货,
CRVUSDC,CRV,USDC,TRADING,binance,spot,现货,
PEOPLEUSDC,PEOPLE,USDC,TRADING,binance,spot,现货,
ARFDUSD,AR,FDUSD,TRADING,binance,spot,现货,
PEPEEUR,PEPE,EUR,TRADING,binance,spot,现货,
REZUSDC,REZ,USDC,TRADING,binance,spot,现货,
USDCTRY,USDC,TRY,TRADING,binance,spot,现货,
BTCMXN,BTC,MXN,TRADING,binance,spot,现货,
XRPMXN,XRP,MXN,TRADING,binance,spot,现货,
ENSUSDC,ENS,USDC,TRADING,binance,spot,现货,
LDOUSDC,LDO,USDC,TRADING,binance,spot,现货,
NOTUSDC,NOT,USDC,TRADING,binance,spot,现货,
NEARBRL,NEAR,BRL,TRADING,binance,spot,现货,
HIGHTRY,HIGH,TRY,TRADING,binance,spot,现货,
PEOPLEFDUSD,PEOPLE,FDUSD,TRADING,binance,spot,现货,
TNSRUSDC,TNSR,USDC,TRADING,binance,spot,现货,
USDTCOP,USDT,COP,TRADING,binance,spot,现货,
IOBTC,IO,BTC,TRADING,binance,spot,现货,
IOUSDT,IO,USDT,TRADING,binance,spot,现货,
IOBNB,IO,BNB,TRADING,binance,spot,现货,
IOFDUSD,IO,FDUSD,TRADING,binance,spot,现货,
IOTRY,IO,TRY,TRADING,binance,spot,现货,
TRUTRY,TRU,TRY,TRADING,binance,spot,现货,
WIFEUR,WIF,EUR,TRADING,binance,spot,现货,
ZKBTC,ZK,BTC,TRADING,binance,spot,现货,
ZKUSDT,ZK,USDT,TRADING,binance,spot,现货,
ZKFDUSD,ZK,FDUSD,TRADING,binance,spot,现货,
ZKTRY,ZK,TRY,TRADING,binance,spot,现货,
LISTAUSDT,LISTA,USDT,TRADING,binance,spot,现货,
LISTABNB,LISTA,BNB,TRADING,binance,spot,现货,
LISTAFDUSD,LISTA,FDUSD,TRADING,binance,spot,现货,
LISTATRY,LISTA,TRY,TRADING,binance,spot,现货,
ZROBTC,ZRO,BTC,TRADING,binance,spot,现货,
ZROUSDT,ZRO,USDT,TRADING,binance,spot,现货,
ZROFDUSD,ZRO,FDUSD,TRADING,binance,spot,现货,
ZROTRY,ZRO,TRY,TRADING,binance,spot,现货,
BAKETRY,BAKE,TRY,TRADING,binance,spot,现货,
WIFBRL,WIF,BRL,TRADING,binance,spot,现货,
ZKUSDC,ZK,USDC,TRADING,binance,spot,现货,
ZROUSDC,ZRO,USDC,TRADING,binance,spot,现货,
IOUSDC,IO,USDC,TRADING,binance,spot,现货,
1000SATSUSDC,1000SATS,USDC,TRADING,binance,spot,现货,
ETHARS,ETH,ARS,TRADING,binance,spot,现货,
GUSDT,G,USDT,TRADING,binance,spot,现货,
GTRY,G,TRY,TRADING,binance,spot,现货,
BANANABTC,BANANA,BTC,TRADING,binance,spot,现货,
BANANAUSDT,BANANA,USDT,TRADING,binance,spot,现货,
BANANABNB,BANANA,BNB,TRADING,binance,spot,现货,
BANANAFDUSD,BANANA,FDUSD,TRADING,binance,spot,现货,
BANANATRY,BANANA,TRY,TRADING,binance,spot,现货,
RENDERBTC,RENDER,BTC,TRADING,binance,spot,现货,
RENDERUSDT,RENDER,USDT,TRADING,binance,spot,现货,
RENDERFDUSD,RENDER,FDUSD,TRADING,binance,spot,现货,
RENDERUSDC,RENDER,USDC,TRADING,binance,spot,现货,
RENDERTRY,RENDER,TRY,TRADING,binance,spot,现货,
RENDEREUR,RENDER,EUR,TRADING,binance,spot,现货,
RENDERBRL,RENDER,BRL,TRADING,binance,spot,现货,
TONBTC,TON,BTC,TRADING,binance,spot,现货,
TONUSDT,TON,USDT,TRADING,binance,spot,现货,
TONFDUSD,TON,FDUSD,TRADING,binance,spot,现货,
TONTRY,TON,TRY,TRADING,binance,spot,现货,
BONKBRL,BONK,BRL,TRADING,binance,spot,现货,
DOGEJPY,DOGE,JPY,TRADING,binance,spot,现货,
NEARJPY,NEAR,JPY,TRADING,binance,spot,现货,
TONUSDC,TON,USDC,TRADING,binance,spot,现货,
AAVEFDUSD,AAVE,FDUSD,TRADING,binance,spot,现货,
DOGSUSDT,DOGS,USDT,TRADING,binance,spot,现货,
DOGSFDUSD,DOGS,FDUSD,TRADING,binance,spot,现货,
DOGSTRY,DOGS,TRY,TRADING,binance,spot,现货,
EUREURI,EUR,EURI,TRADING,binance,spot,现货,
EURIUSDT,EURI,USDT,TRADING,binance,spot,现货,
DOGSUSDC,DOGS,USDC,TRADING,binance,spot,现货,
RAREUSDC,RARE,USDC,TRADING,binance,spot,现货,
SLFBTC,SLF,BTC,TRADING,binance,spot,现货,
SLFTRY,SLF,TRY,TRADING,binance,spot,现货,
SLFUSDC,SLF,USDC,TRADING,binance,spot,现货,
SLFUSDT,SLF,USDT,TRADING,binance,spot,现货,
AAVEUSDC,AAVE,USDC,TRADING,binance,spot,现货,
SUNTRY,SUN,TRY,TRADING,binance,spot,现货,
POLBNB,POL,BNB,TRADING,binance,spot,现货,
POLBRL,POL,BRL,TRADING,binance,spot,现货,
POLBTC,POL,BTC,TRADING,binance,spot,现货,
POLETH,POL,ETH,TRADING,binance,spot,现货,
POLEUR,POL,EUR,TRADING,binance,spot,现货,
POLFDUSD,POL,FDUSD,TRADING,binance,spot,现货,
POLJPY,POL,JPY,TRADING,binance,spot,现货,
POLTRY,POL,TRY,TRADING,binance,spot,现货,
POLUSDC,POL,USDC,TRADING,binance,spot,现货,
POLUSDT,POL,USDT,TRADING,binance,spot,现货,
NEIROUSDT,NEIRO,USDT,TRADING,binance,spot,现货,
TURBOUSDT,TURBO,USDT,TRADING,binance,spot,现货,
1MBABYDOGEUSDT,1MBABYDOGE,USDT,TRADING,binance,spot,现货,
CATIUSDT,CATI,USDT,TRADING,binance,spot,现货,
CATITRY,CATI,TRY,TRADING,binance,spot,现货,
1MBABYDOGEFDUSD,1MBABYDOGE,FDUSD,TRADING,binance,spot,现货,
1MBABYDOGETRY,1MBABYDOGE,TRY,TRADING,binance,spot,现货,
BTCEURI,BTC,EURI,TRADING,binance,spot,现货,
NEIROFDUSD,NEIRO,FDUSD,TRADING,binance,spot,现货,
NEIROTRY,NEIRO,TRY,TRADING,binance,spot,现货,
HMSTRUSDT,HMSTR,USDT,TRADING,binance,spot,现货,
HMSTRFDUSD,HMSTR,FDUSD,TRADING,binance,spot,现货,
HMSTRTRY,HMSTR,TRY,TRADING,binance,spot,现货,
EIGENBTC,EIGEN,BTC,TRADING,binance,spot,现货,
EIGENUSDT,EIGEN,USDT,TRADING,binance,spot,现货,
EIGENFDUSD,EIGEN,FDUSD,TRADING,binance,spot,现货,
EIGENTRY,EIGEN,TRY,TRADING,binance,spot,现货,
BNSOLSOL,BNSOL,SOL,TRADING,binance,spot,现货,
SCRUSDT,SCR,USDT,TRADING,binance,spot,现货,
SUIBRL,SUI,BRL,TRADING,binance,spot,现货,
TURBOTRY,TURBO,TRY,TRADING,binance,spot,现货,
BNSOLUSDT,BNSOL,USDT,TRADING,binance,spot,现货,
LUMIAUSDT,LUMIA,USDT,TRADING,binance,spot,现货,
SCRBTC,SCR,BTC,TRADING,binance,spot,现货,
SCRFDUSD,SCR,FDUSD,TRADING,binance,spot,现货,
SCRTRY,SCR,TRY,TRADING,binance,spot,现货,
KAIAUSDT,KAIA,USDT,TRADING,binance,spot,现货,
COWUSDT,COW,USDT,TRADING,binance,spot,现货,
CETUSUSDT,CETUS,USDT,TRADING,binance,spot,现货,
PNUTUSDT,PNUT,USDT,TRADING,binance,spot,现货,
ACTUSDT,ACT,USDT,TRADING,binance,spot,现货,
ACTTRY,ACT,TRY,TRADING,binance,spot,现货,
COWTRY,COW,TRY,TRADING,binance,spot,现货,
CETUSTRY,CETUS,TRY,TRADING,binance,spot,现货,
PNUTTRY,PNUT,TRY,TRADING,binance,spot,现货,
ACTFDUSD,ACT,FDUSD,TRADING,binance,spot,现货,
ACTUSDC,ACT,USDC,TRADING,binance,spot,现货,
NEIROUSDC,NEIRO,USDC,TRADING,binance,spot,现货,
PNUTBTC,PNUT,BTC,TRADING,binance,spot,现货,
PNUTFDUSD,PNUT,FDUSD,TRADING,binance,spot,现货,
PNUTUSDC,PNUT,USDC,TRADING,binance,spot,现货,
USUALUSDT,USUAL,USDT,TRADING,binance,spot,现货,
CATIUSDC,CATI,USDC,TRADING,binance,spot,现货,
ETHEURI,ETH,EURI,TRADING,binance,spot,现货,
LUMIATRY,LUMIA,TRY,TRADING,binance,spot,现货,
PNUTBRL,PNUT,BRL,TRADING,binance,spot,现货,
PNUTEUR,PNUT,EUR,TRADING,binance,spot,现货,
APEFDUSD,APE,FDUSD,TRADING,binance,spot,现货,
FDUSDUSDC,FDUSD,USDC,TRADING,binance,spot,现货,
HBARUSDC,HBAR,USDC,TRADING,binance,spot,现货,
OMUSDC,OM,USDC,TRADING,binance,spot,现货,
RAYUSDC,RAY,USDC,TRADING,binance,spot,现货,
TAOUSDC,TAO,USDC,TRADING,binance,spot,现货,
THEFDUSD,THE,FDUSD,TRADING,binance,spot,现货,
THETRY,THE,TRY,TRADING,binance,spot,现货,
THEUSDT,THE,USDT,TRADING,binance,spot,现货,
APEUSDC,APE,USDC,TRADING,binance,spot,现货,
BOMEEUR,BOME,EUR,TRADING,binance,spot,现货,
EIGENUSDC,EIGEN,USDC,TRADING,binance,spot,现货,
HBARFDUSD,HBAR,FDUSD,TRADING,binance,spot,现货,
MEMEUSDC,MEME,USDC,TRADING,binance,spot,现货,
WLDEUR,WLD,EUR,TRADING,binance,spot,现货,
1MBABYDOGEUSDC,1MBABYDOGE,USDC,TRADING,binance,spot,现货,
CETUSUSDC,CETUS,USDC,TRADING,binance,spot,现货,
COWUSDC,COW,USDC,TRADING,binance,spot,现货,
DYDXUSDC,DYDX,USDC,TRADING,binance,spot,现货,
HMSTRUSDC,HMSTR,USDC,TRADING,binance,spot,现货,
TURBOUSDC,TURBO,USDC,TRADING,binance,spot,现货,
ENABRL,ENA,BRL,TRADING,binance,spot,现货,
KAIAUSDC,KAIA,USDC,TRADING,binance,spot,现货,
SANDUSDC,SAND,USDC,TRADING,binance,spot,现货,
XLMFDUSD,XLM,FDUSD,TRADING,binance,spot,现货,
CHZUSDC,CHZ,USDC,TRADING,binance,spot,现货,
PYTHUSDC,PYTH,USDC,TRADING,binance,spot,现货,
RSRUSDC,RSR,USDC,TRADING,binance,spot,现货,
WUSDC,W,USDC,TRADING,binance,spot,现货,
XTZUSDC,XTZ,USDC,TRADING,binance,spot,现货,
ACXUSDT,ACX,USDT,TRADING,binance,spot,现货,
ORCAUSDT,ORCA,USDT,TRADING,binance,spot,现货,
MOVEBTC,MOVE,BTC,TRADING,binance,spot,现货,
MOVEUSDT,MOVE,USDT,TRADING,binance,spot,现货,
MOVEBNB,MOVE,BNB,TRADING,binance,spot,现货,
MOVEFDUSD,MOVE,FDUSD,TRADING,binance,spot,现货,
MOVETRY,MOVE,TRY,TRADING,binance,spot,现货,
MEBTC,ME,BTC,TRADING,binance,spot,现货,
MEUSDT,ME,USDT,TRADING,binance,spot,现货,
MEFDUSD,ME,FDUSD,TRADING,binance,spot,现货,
METRY,ME,TRY,TRADING,binance,spot,现货,
ACXUSDC,ACX,USDC,TRADING,binance,spot,现货,
ORCAUSDC,ORCA,USDC,TRADING,binance,spot,现货,
ACXTRY,ACX,TRY,TRADING,binance,spot,现货,
ORCATRY,ORCA,TRY,TRADING,binance,spot,现货,
KSMTRY,KSM,TRY,TRADING,binance,spot,现货,
CELOTRY,CELO,TRY,TRADING,binance,spot,现货,
HIVEUSDC,HIVE,USDC,TRADING,binance,spot,现货,
IDEXUSDC,IDEX,USDC,TRADING,binance,spot,现货,
TLMUSDC,TLM,USDC,TRADING,binance,spot,现货,
VELODROMEUSDT,VELODROME,USDT,TRADING,binance,spot,现货,
VANAUSDT,VANA,USDT,TRADING,binance,spot,现货,
VANAFDUSD,VANA,FDUSD,TRADING,binance,spot,现货,
VANATRY,VANA,TRY,TRADING,binance,spot,现货,
1000CATUSDT,1000CAT,USDT,TRADING,binance,spot,现货,
1000CATBNB,1000CAT,BNB,TRADING,binance,spot,现货,
1000CATFDUSD,1000CAT,FDUSD,TRADING,binance,spot,现货,
1000CATTRY,1000CAT,TRY,TRADING,binance,spot,现货,
PENGUUSDT,PENGU,USDT,TRADING,binance,spot,现货,
PENGUFDUSD,PENGU,FDUSD,TRADING,binance,spot,现货,
PENGUTRY,PENGU,TRY,TRADING,binance,spot,现货,
USUALBTC,USUAL,BTC,TRADING,binance,spot,现货,
USUALFDUSD,USUAL,FDUSD,TRADING,binance,spot,现货,
USUALTRY,USUAL,TRY,TRADING,binance,spot,现货,
1000CATUSDC,1000CAT,USDC,TRADING,binance,spot,现货,
PENGUUSDC,PENGU,USDC,TRADING,binance,spot,现货,
BIOUSDT,BIO,USDT,TRADING,binance,spot,现货,
BIOBNB,BIO,BNB,TRADING,binance,spot,现货,
BIOFDUSD,BIO,FDUSD,TRADING,binance,spot,现货,
BIOTRY,BIO,TRY,TRADING,binance,spot,现货,
BIOUSDC,BIO,USDC,TRADING,binance,spot,现货,
HIVETRY,HIVE,TRY,TRADING,binance,spot,现货,
MOVEUSDC,MOVE,USDC,TRADING,binance,spot,现货,
PHATRY,PHA,TRY,TRADING,binance,spot,现货,
SUSHITRY,SUSHI,TRY,TRADING,binance,spot,现货,
DUSDT,D,USDT,TRADING,binance,spot,现货,
DTRY,D,TRY,TRADING,binance,spot,现货,
APTJPY,APT,JPY,TRADING,binance,spot,现货,
SUIJPY,SUI,JPY,TRADING,binance,spot,现货,
XLMJPY,XLM,JPY,TRADING,binance,spot,现货,
PEPEJPY,PEPE,JPY,TRADING,binance,spot,现货,
PHAUSDC,PHA,USDC,TRADING,binance,spot,现货,
USDCPLN,USDC,PLN,TRADING,binance,spot,现货,
STEEMUSDC,STEEM,USDC,TRADING,binance,spot,现货,
USUALUSDC,USUAL,USDC,TRADING,binance,spot,现货,
AIXBTUSDT,AIXBT,USDT,TRADING,binance,spot,现货,
AIXBTUSDC,AIXBT,USDC,TRADING,binance,spot,现货,
CGPTUSDT,CGPT,USDT,TRADING,binance,spot,现货,
CGPTUSDC,CGPT,USDC,TRADING,binance,spot,现货,
COOKIEUSDT,COOKIE,USDT,TRADING,binance,spot,现货,
COOKIEUSDC,COOKIE,USDC,TRADING,binance,spot,现货,
SBTC,S,BTC,TRADING,binance,spot,现货,
SBNB,S,BNB,TRADING,binance,spot,现货,
SETH,S,ETH,TRADING,binance,spot,现货,
SEUR,S,EUR,TRADING,binance,spot,现货,
SFDUSD,S,FDUSD,TRADING,binance,spot,现货,
STRY,S,TRY,TRADING,binance,spot,现货,
SUSDC,S,USDC,TRADING,binance,spot,现货,
SUSDT,S,USDT,TRADING,binance,spot,现货,
IOTXJPY,IOTX,JPY,TRADING,binance,spot,现货,
SEIJPY,SEI,JPY,TRADING,binance,spot,现货,
SOLVUSDT,SOLV,USDT,TRADING,binance,spot,现货,
SOLVBNB,SOLV,BNB,TRADING,binance,spot,现货,
SOLVFDUSD,SOLV,FDUSD,TRADING,binance,spot,现货,
SOLVTRY,SOLV,TRY,TRADING,binance,spot,现货,
TRUMPUSDT,TRUMP,USDT,TRADING,binance,spot,现货,
TRUMPUSDC,TRUMP,USDC,TRADING,binance,spot,现货,
AIXBTTRY,AIXBT,TRY,TRADING,binance,spot,现货,
TRUMPTRY,TRUMP,TRY,TRADING,binance,spot,现货,
ANIMEUSDT,ANIME,USDT,TRADING,binance,spot,现货,
ANIMEUSDC,ANIME,USDC,TRADING,binance,spot,现货,
ANIMEFDUSD,ANIME,FDUSD,TRADING,binance,spot,现货,
ANIMETRY,ANIME,TRY,TRADING,binance,spot,现货,
BERABTC,BERA,BTC,TRADING,binance,spot,现货,
BERAUSDT,BERA,USDT,TRADING,binance,spot,现货,
BERAUSDC,BERA,USDC,TRADING,binance,spot,现货,
BERAFDUSD,BERA,FDUSD,TRADING,binance,spot,现货,
BERABNB,BERA,BNB,TRADING,binance,spot,现货,
BERATRY,BERA,TRY,TRADING,binance,spot,现货,
1000CHEEMSUSDT,1000CHEEMS,USDT,TRADING,binance,spot,现货,
1000CHEEMSUSDC,1000CHEEMS,USDC,TRADING,binance,spot,现货,
TSTUSDT,TST,USDT,TRADING,binance,spot,现货,
TSTUSDC,TST,USDC,TRADING,binance,spot,现货,
LAYERBTC,LAYER,BTC,TRADING,binance,spot,现货,
LAYERUSDT,LAYER,USDT,TRADING,binance,spot,现货,
LAYERUSDC,LAYER,USDC,TRADING,binance,spot,现货,
LAYERBNB,LAYER,BNB,TRADING,binance,spot,现货,
LAYERFDUSD,LAYER,FDUSD,TRADING,binance,spot,现货,
LAYERTRY,LAYER,TRY,TRADING,binance,spot,现货,
QTUMTRY,QTUM,TRY,TRADING,binance,spot,现货,
TRUMPEUR,TRUMP,EUR,TRADING,binance,spot,现货,
VTHOTRY,VTHO,TRY,TRADING,binance,spot,现货,
HEIBTC,HEI,BTC,TRADING,binance,spot,现货,
HEIUSDT,HEI,USDT,TRADING,binance,spot,现货,
CAKEUSDC,CAKE,USDC,TRADING,binance,spot,现货,
HEIUSDC,HEI,USDC,TRADING,binance,spot,现货,
TRUMPFDUSD,TRUMP,FDUSD,TRADING,binance,spot,现货,
LTCJPY,LTC,JPY,TRADING,binance,spot,现货,
BCHJPY,BCH,JPY,TRADING,binance,spot,现货,
LINKJPY,LINK,JPY,TRADING,binance,spot,现货,
KAITOBTC,KAITO,BTC,TRADING,binance,spot,现货,
KAITOUSDT,KAITO,USDT,TRADING,binance,spot,现货,
KAITOUSDC,KAITO,USDC,TRADING,binance,spot,现货,
KAITOFDUSD,KAITO,FDUSD,TRADING,binance,spot,现货,
KAITOTRY,KAITO,TRY,TRADING,binance,spot,现货,
ETHMXN,ETH,MXN,TRADING,binance,spot,现货,
SOLMXN,SOL,MXN,TRADING,binance,spot,现货,
BNBARS,BNB,ARS,TRADING,binance,spot,现货,
SOLARS,SOL,ARS,TRADING,binance,spot,现货,
TRUMPBRL,TRUMP,BRL,TRADING,binance,spot,现货,
TRXFDUSD,TRX,FDUSD,TRADING,binance,spot,现货,
TSTTRY,TST,TRY,TRADING,binance,spot,现货,
SHELLBTC,SHELL,BTC,TRADING,binance,spot,现货,
SHELLUSDT,SHELL,USDT,TRADING,binance,spot,现货,
SHELLUSDC,SHELL,USDC,TRADING,binance,spot,现货,
SHELLBNB,SHELL,BNB,TRADING,binance,spot,现货,
SHELLFDUSD,SHELL,FDUSD,TRADING,binance,spot,现货,
SHELLTRY,SHELL,TRY,TRADING,binance,spot,现货,
REDUSDT,RED,USDT,TRADING,binance,spot,现货,
GPSUSDT,GPS,USDT,TRADING,binance,spot,现货,
GPSUSDC,GPS,USDC,TRADING,binance,spot,现货,
GPSTRY,GPS,TRY,TRADING,binance,spot,现货,
GPSBNB,GPS,BNB,TRADING,binance,spot,现货,
REDBTC,RED,BTC,TRADING,binance,spot,现货,
REDUSDC,RED,USDC,TRADING,binance,spot,现货,
REDFDUSD,RED,FDUSD,TRADING,binance,spot,现货,
REDTRY,RED,TRY,TRADING,binance,spot,现货,
CHESSUSDC,CHESS,USDC,TRADING,binance,spot,现货,
EGLDUSDC,EGLD,USDC,TRADING,binance,spot,现货,
OSMOUSDC,OSMO,USDC,TRADING,binance,spot,现货,
UTKUSDC,UTK,USDC,TRADING,binance,spot,现货,
TUSDC,T,USDC,TRADING,binance,spot,现货,
CVCUSDC,CVC,USDC,TRADING,binance,spot,现货,
EURIUSDC,EURI,USDC,TRADING,binance,spot,现货,
SYNUSDC,SYN,USDC,TRADING,binance,spot,现货,
USDCRON,USDC,RON,TRADING,binance,spot,现货,
VELODROMEUSDC,VELODROME,USDC,TRADING,binance,spot,现货,
EPICUSDT,EPIC,USDT,TRADING,binance,spot,现货,
DFUSDC,DF,USDC,TRADING,binance,spot,现货,
EPICUSDC,EPIC,USDC,TRADING,binance,spot,现货,
GMXUSDC,GMX,USDC,TRADING,binance,spot,现货,
MKRUSDC,MKR,USDC,TRADING,binance,spot,现货,
RPLUSDC,RPL,USDC,TRADING,binance,spot,现货,
BMTUSDT,BMT,USDT,TRADING,binance,spot,现货,
BMTUSDC,BMT,USDC,TRADING,binance,spot,现货,
BMTBNB,BMT,BNB,TRADING,binance,spot,现货,
BMTFDUSD,BMT,FDUSD,TRADING,binance,spot,现货,
BMTTRY,BMT,TRY,TRADING,binance,spot,现货,
FORMUSDC,FORM,USDC,TRADING,binance,spot,现货,
FORMUSDT,FORM,USDT,TRADING,binance,spot,现货,
FORMTRY,FORM,TRY,TRADING,binance,spot,现货,
XUSDUSDT,XUSD,USDT,TRADING,binance,spot,现货,
IOTAUSDC,IOTA,USDC,TRADING,binance,spot,现货,
JUVUSDC,JUV,USDC,TRADING,binance,spot,现货,
THEUSDC,THE,USDC,TRADING,binance,spot,现货,
VANRYUSDC,VANRY,USDC,TRADING,binance,spot,现货,
USDCCZK,USDC,CZK,TRADING,binance,spot,现货,
NILUSDT,NIL,USDT,TRADING,binance,spot,现货,
NILBNB,NIL,BNB,TRADING,binance,spot,现货,
NILFDUSD,NIL,FDUSD,TRADING,binance,spot,现货,
NILUSDC,NIL,USDC,TRADING,binance,spot,现货,
NILTRY,NIL,TRY,TRADING,binance,spot,现货,
BEAMXUSDC,BEAMX,USDC,TRADING,binance,spot,现货,
VANAUSDC,VANA,USDC,TRADING,binance,spot,现货,
PARTIFDUSD,PARTI,FDUSD,TRADING,binance,spot,现货,
PARTITRY,PARTI,TRY,TRADING,binance,spot,现货,
PARTIUSDT,PARTI,USDT,TRADING,binance,spot,现货,
PARTIUSDC,PARTI,USDC,TRADING,binance,spot,现货,
PARTIBNB,PARTI,BNB,TRADING,binance,spot,现货,
MUBARAKUSDT,MUBARAK,USDT,TRADING,binance,spot,现货,
MUBARAKUSDC,MUBARAK,USDC,TRADING,binance,spot,现货,
TUTUSDT,TUT,USDT,TRADING,binance,spot,现货,
BROCCOLI714USDT,BROCCOLI714,USDT,TRADING,binance,spot,现货,
TUTUSDC,TUT,USDC,TRADING,binance,spot,现货,
BANANAS31USDT,BANANAS31,USDT,TRADING,binance,spot,现货,
BANANAS31USDC,BANANAS31,USDC,TRADING,binance,spot,现货,
BROCCOLI714USDC,BROCCOLI714,USDC,TRADING,binance,spot,现货,
GUNUSDT,GUN,USDT,TRADING,binance,spot,现货,
GUNBNB,GUN,BNB,TRADING,binance,spot,现货,
GUNFDUSD,GUN,FDUSD,TRADING,binance,spot,现货,
GUNTRY,GUN,TRY,TRADING,binance,spot,现货,
THETAUSDC,THETA,USDC,TRADING,binance,spot,现货,
API3USDC,API3,USDC,TRADING,binance,spot,现货,
AUCTIONTRY,AUCTION,TRY,TRADING,binance,spot,现货,
AUCTIONUSDC,AUCTION,USDC,TRADING,binance,spot,现货,
BANANAUSDC,BANANA,USDC,TRADING,binance,spot,现货,
GUNUSDC,GUN,USDC,TRADING,binance,spot,现货,
QNTUSDC,QNT,USDC,TRADING,binance,spot,现货,
VETUSDC,VET,USDC,TRADING,binance,spot,现货,
ZENUSDC,ZEN,USDC,TRADING,binance,spot,现货,
BABYUSDT,BABY,USDT,TRADING,binance,spot,现货,
BABYUSDC,BABY,USDC,TRADING,binance,spot,现货,
BABYBNB,BABY,BNB,TRADING,binance,spot,现货,
BABYFDUSD,BABY,FDUSD,TRADING,binance,spot,现货,
BABYTRY,BABY,TRY,TRADING,binance,spot,现货,
ONDOUSDT,ONDO,USDT,TRADING,binance,spot,现货,
ONDOUSDC,ONDO,USDC,TRADING,binance,spot,现货,
BIGTIMEUSDT,BIGTIME,USDT,TRADING,binance,spot,现货,
BIGTIMEUSDC,BIGTIME,USDC,TRADING,binance,spot,现货,
VIRTUALUSDT,VIRTUAL,USDT,TRADING,binance,spot,现货,
VIRTUALUSDC,VIRTUAL,USDC,TRADING,binance,spot,现货,
KERNELBNB,KERNEL,BNB,TRADING,binance,spot,现货,
KERNELFDUSD,KERNEL,FDUSD,TRADING,binance,spot,现货,
KERNELTRY,KERNEL,TRY,TRADING,binance,spot,现货,
KERNELUSDC,KERNEL,USDC,TRADING,binance,spot,现货,
KERNELUSDT,KERNEL,USDT,TRADING,binance,spot,现货,
WCTTRY,WCT,TRY,TRADING,binance,spot,现货,
WCTFDUSD,WCT,FDUSD,TRADING,binance,spot,现货,
WCTBNB,WCT,BNB,TRADING,binance,spot,现货,
WCTUSDC,WCT,USDC,TRADING,binance,spot,现货,
WCTUSDT,WCT,USDT,TRADING,binance,spot,现货,
PAXGUSDC,PAXG,USDC,TRADING,binance,spot,现货,
ONDOTRY,ONDO,TRY,TRADING,binance,spot,现货,
BABYEUR,BABY,EUR,TRADING,binance,spot,现货,
ACHUSDC,ACH,USDC,TRADING,binance,spot,现货,
GMTUSDC,GMT,USDC,TRADING,binance,spot,现货,
HYPERUSDT,HYPER,USDT,TRADING,binance,spot,现货,
HYPERUSDC,HYPER,USDC,TRADING,binance,spot,现货,
HYPERBNB,HYPER,BNB,TRADING,binance,spot,现货,
HYPERFDUSD,HYPER,FDUSD,TRADING,binance,spot,现货,
HYPERTRY,HYPER,TRY,TRADING,binance,spot,现货,
INITUSDT,INIT,USDT,TRADING,binance,spot,现货,
INITUSDC,INIT,USDC,TRADING,binance,spot,现货,
INITBNB,INIT,BNB,TRADING,binance,spot,现货,
INITFDUSD,INIT,FDUSD,TRADING,binance,spot,现货,
INITTRY,INIT,TRY,TRADING,binance,spot,现货,
SIGNUSDT,SIGN,USDT,TRADING,binance,spot,现货,
SIGNUSDC,SIGN,USDC,TRADING,binance,spot,现货,
SIGNBNB,SIGN,BNB,TRADING,binance,spot,现货,
SIGNFDUSD,SIGN,FDUSD,TRADING,binance,spot,现货,
SIGNTRY,SIGN,TRY,TRADING,binance,spot,现货,
STOUSDT,STO,USDT,TRADING,binance,spot,现货,
STOUSDC,STO,USDC,TRADING,binance,spot,现货,
STOBNB,STO,BNB,TRADING,binance,spot,现货,
STOFDUSD,STO,FDUSD,TRADING,binance,spot,现货,
STOTRY,STO,TRY,TRADING,binance,spot,现货,
ENJUSDC,ENJ,USDC,TRADING,binance,spot,现货,
VIRTUALTRY,VIRTUAL,TRY,TRADING,binance,spot,现货,
SYRUPUSDT,SYRUP,USDT,TRADING,binance,spot,现货,
SYRUPUSDC,SYRUP,USDC,TRADING,binance,spot,现货,
KMNOUSDT,KMNO,USDT,TRADING,binance,spot,现货,
KMNOUSDC,KMNO,USDC,TRADING,binance,spot,现货,
SXTUSDT,SXT,USDT,TRADING,binance,spot,现货,
SXTUSDC,SXT,USDC,TRADING,binance,spot,现货,
SXTBNB,SXT,BNB,TRADING,binance,spot,现货,
SXTFDUSD,SXT,FDUSD,TRADING,binance,spot,现货,
SXTTRY,SXT,TRY,TRADING,binance,spot,现货,
PUNDIXUSDC,PUNDIX,USDC,TRADING,binance,spot,现货,
SYRUPTRY,SYRUP,TRY,TRADING,binance,spot,现货,
NXPCUSDT,NXPC,USDT,TRADING,binance,spot,现货,
NXPCUSDC,NXPC,USDC,TRADING,binance,spot,现货,
NXPCBNB,NXPC,BNB,TRADING,binance,spot,现货,
NXPCFDUSD,NXPC,FDUSD,TRADING,binance,spot,现货,
NXPCTRY,NXPC,TRY,TRADING,binance,spot,现货,
AWEBTC,AWE,BTC,TRADING,binance,spot,现货,
AWEUSDT,AWE,USDT,TRADING,binance,spot,现货,
HAEDALUSDT,HAEDAL,USDT,TRADING,binance,spot,现货,
HAEDALUSDC,HAEDAL,USDC,TRADING,binance,spot,现货,
HAEDALBNB,HAEDAL,BNB,TRADING,binance,spot,现货,
HAEDALFDUSD,HAEDAL,FDUSD,TRADING,binance,spot,现货,
HAEDALTRY,HAEDAL,TRY,TRADING,binance,spot,现货,
USD1USDT,USD1,USDT,TRADING,binance,spot,现货,
HUMAUSDT,HUMA,USDT,TRADING,binance,spot,现货,
HUMAUSDC,HUMA,USDC,TRADING,binance,spot,现货,
HUMABNB,HUMA,BNB,TRADING,binance,spot,现货,
HUMAFDUSD,HUMA,FDUSD,TRADING,binance,spot,现货,
HUMATRY,HUMA,TRY,TRADING,binance,spot,现货,
ABTC,A,BTC,TRADING,binance,spot,现货,
AETH,A,ETH,TRADING,binance,spot,现货,
AFDUSD,A,FDUSD,TRADING,binance,spot,现货,
ATRY,A,TRY,TRADING,binance,spot,现货,
AUSDC,A,USDC,TRADING,binance,spot,现货,
AUSDT,A,USDT,TRADING,binance,spot,现货,
SOPHUSDT,SOPH,USDT,TRADING,binance,spot,现货,
SOPHUSDC,SOPH,USDC,TRADING,binance,spot,现货,
SOPHBNB,SOPH,BNB,TRADING,binance,spot,现货,
SOPHFDUSD,SOPH,FDUSD,TRADING,binance,spot,现货,
SOPHTRY,SOPH,TRY,TRADING,binance,spot,现货,
MUBARAKTRY,MUBARAK,TRY,TRADING,binance,spot,现货,
TRXJPY,TRX,JPY,TRADING,binance,spot,现货,
DAIJPY,DAI,JPY,TRADING,binance,spot,现货,
RESOLVUSDT,RESOLV,USDT,TRADING,binance,spot,现货,
RESOLVUSDC,RESOLV,USDC,TRADING,binance,spot,现货,
RESOLVBNB,RESOLV,BNB,TRADING,binance,spot,现货,
RESOLVFDUSD,RESOLV,FDUSD,TRADING,binance,spot,现货,
RESOLVTRY,RESOLV,TRY,TRADING,binance,spot,现货,
HOMEUSDT,HOME,USDT,TRADING,binance,spot,现货,
HOMEUSDC,HOME,USDC,TRADING,binance,spot,现货,
HOMEBNB,HOME,BNB,TRADING,binance,spot,现货,
HOMEFDUSD,HOME,FDUSD,TRADING,binance,spot,现货,
HOMETRY,HOME,TRY,TRADING,binance,spot,现货,
FLUXUSDC,FLUX,USDC,TRADING,binance,spot,现货,
MASKUSDC,MASK,USDC,TRADING,binance,spot,现货,
SUSHIUSDC,SUSHI,USDC,TRADING,binance,spot,现货,
SPKUSDT,SPK,USDT,TRADING,binance,spot,现货,
SPKUSDC,SPK,USDC,TRADING,binance,spot,现货,
SPKBNB,SPK,BNB,TRADING,binance,spot,现货,
SPKFDUSD,SPK,FDUSD,TRADING,binance,spot,现货,
SPKTRY,SPK,TRY,TRADING,binance,spot,现货,
NEWTUSDT,NEWT,USDT,TRADING,binance,spot,现货,
NEWTUSDC,NEWT,USDC,TRADING,binance,spot,现货,
NEWTBNB,NEWT,BNB,TRADING,binance,spot,现货,
NEWTFDUSD,NEWT,FDUSD,TRADING,binance,spot,现货,
NEWTTRY,NEWT,TRY,TRADING,binance,spot,现货,
NEIROJPY,NEIRO,JPY,TRADING,binance,spot,现货,
SAHARAUSDT,SAHARA,USDT,TRADING,binance,spot,现货,
SAHARAUSDC,SAHARA,USDC,TRADING,binance,spot,现货,
SAHARABNB,SAHARA,BNB,TRADING,binance,spot,现货,
SAHARAFDUSD,SAHARA,FDUSD,TRADING,binance,spot,现货,
SAHARATRY,SAHARA,TRY,TRADING,binance,spot,现货,
LPTUSDC,LPT,USDC,TRADING,binance,spot,现货,
RVNUSDC,RVN,USDC,TRADING,binance,spot,现货,
LAUSDT,LA,USDT,TRADING,binance,spot,现货,
LAUSDC,LA,USDC,TRADING,binance,spot,现货,
LABNB,LA,BNB,TRADING,binance,spot,现货,
LAFDUSD,LA,FDUSD,TRADING,binance,spot,现货,
LATRY,LA,TRY,TRADING,binance,spot,现货,
LPTJPY,LPT,JPY,TRADING,binance,spot,现货,
XAIUSDC,XAI,USDC,TRADING,binance,spot,现货,
AXSUSDC,AXS,USDC,TRADING,binance,spot,现货,
COMPUSDC,COMP,USDC,TRADING,binance,spot,现货,
ERAUSDT,ERA,USDT,TRADING,binance,spot,现货,
ERAUSDC,ERA,USDC,TRADING,binance,spot,现货,
ERABNB,ERA,BNB,TRADING,binance,spot,现货,
ERAFDUSD,ERA,FDUSD,TRADING,binance,spot,现货,
ERATRY,ERA,TRY,TRADING,binance,spot,现货,
CUSDT,C,USDT,TRADING,binance,spot,现货,
CUSDC,C,USDC,TRADING,binance,spot,现货,
CBNB,C,BNB,TRADING,binance,spot,现货,
CFDUSD,C,FDUSD,TRADING,binance,spot,现货,
CTRY,C,TRY,TRADING,binance,spot,现货,
GRTUSDC,GRT,USDC,TRADING,binance,spot,现货,
ROSEUSDC,ROSE,USDC,TRADING,binance,spot,现货,
BTCUSDT,BTC,USDT,TRADING,binance,futures,合约,PERPETUAL
ETHUSDT,ETH,USDT,TRADING,binance,futures,合约,PERPETUAL
BCHUSDT,BCH,USDT,TRADING,binance,futures,合约,PERPETUAL
XRPUSDT,XRP,USDT,TRADING,binance,futures,合约,PERPETUAL
LTCUSDT,LTC,USDT,TRADING,binance,futures,合约,PERPETUAL
TRXUSDT,TRX,USDT,TRADING,binance,futures,合约,PERPETUAL
ETCUSDT,ETC,USDT,TRADING,binance,futures,合约,PERPETUAL
LINKUSDT,LINK,USDT,TRADING,binance,futures,合约,PERPETUAL
XLMUSDT,XLM,USDT,TRADING,binance,futures,合约,PERPETUAL
ADAUSDT,ADA,USDT,TRADING,binance,futures,合约,PERPETUAL
XMRUSDT,XMR,USDT,TRADING,binance,futures,合约,PERPETUAL
DASHUSDT,DASH,USDT,TRADING,binance,futures,合约,PERPETUAL
ZECUSDT,ZEC,USDT,TRADING,binance,futures,合约,PERPETUAL
XTZUSDT,XTZ,USDT,TRADING,binance,futures,合约,PERPETUAL
BNBUSDT,BNB,USDT,TRADING,binance,futures,合约,PERPETUAL
ATOMUSDT,ATOM,USDT,TRADING,binance,futures,合约,PERPETUAL
ONTUSDT,ONT,USDT,TRADING,binance,futures,合约,PERPETUAL
IOTAUSDT,IOTA,USDT,TRADING,binance,futures,合约,PERPETUAL
BATUSDT,BAT,USDT,TRADING,binance,futures,合约,PERPETUAL
VETUSDT,VET,USDT,TRADING,binance,futures,合约,PERPETUAL
NEOUSDT,NEO,USDT,TRADING,binance,futures,合约,PERPETUAL
QTUMUSDT,QTUM,USDT,TRADING,binance,futures,合约,PERPETUAL
IOSTUSDT,IOST,USDT,TRADING,binance,futures,合约,PERPETUAL
THETAUSDT,THETA,USDT,TRADING,binance,futures,合约,PERPETUAL
ALGOUSDT,ALGO,USDT,TRADING,binance,futures,合约,PERPETUAL
ZILUSDT,ZIL,USDT,TRADING,binance,futures,合约,PERPETUAL
KNCUSDT,KNC,USDT,TRADING,binance,futures,合约,PERPETUAL
ZRXUSDT,ZRX,USDT,TRADING,binance,futures,合约,PERPETUAL
COMPUSDT,COMP,USDT,TRADING,binance,futures,合约,PERPETUAL
DOGEUSDT,DOGE,USDT,TRADING,binance,futures,合约,PERPETUAL
SXPUSDT,SXP,USDT,TRADING,binance,futures,合约,PERPETUAL
KAVAUSDT,KAVA,USDT,TRADING,binance,futures,合约,PERPETUAL
BANDUSDT,BAND,USDT,TRADING,binance,futures,合约,PERPETUAL
RLCUSDT,RLC,USDT,TRADING,binance,futures,合约,PERPETUAL
MKRUSDT,MKR,USDT,TRADING,binance,futures,合约,PERPETUAL
SNXUSDT,SNX,USDT,TRADING,binance,futures,合约,PERPETUAL
DOTUSDT,DOT,USDT,TRADING,binance,futures,合约,PERPETUAL
DEFIUSDT,DEFI,USDT,TRADING,binance,futures,合约,PERPETUAL
YFIUSDT,YFI,USDT,TRADING,binance,futures,合约,PERPETUAL
CRVUSDT,CRV,USDT,TRADING,binance,futures,合约,PERPETUAL
TRBUSDT,TRB,USDT,TRADING,binance,futures,合约,PERPETUAL
RUNEUSDT,RUNE,USDT,TRADING,binance,futures,合约,PERPETUAL
SUSHIUSDT,SUSHI,USDT,TRADING,binance,futures,合约,PERPETUAL
EGLDUSDT,EGLD,USDT,TRADING,binance,futures,合约,PERPETUAL
SOLUSDT,SOL,USDT,TRADING,binance,futures,合约,PERPETUAL
ICXUSDT,ICX,USDT,TRADING,binance,futures,合约,PERPETUAL
STORJUSDT,STORJ,USDT,TRADING,binance,futures,合约,PERPETUAL
UNIUSDT,UNI,USDT,TRADING,binance,futures,合约,PERPETUAL
AVAXUSDT,AVAX,USDT,TRADING,binance,futures,合约,PERPETUAL
ENJUSDT,ENJ,USDT,TRADING,binance,futures,合约,PERPETUAL
FLMUSDT,FLM,USDT,TRADING,binance,futures,合约,PERPETUAL
KSMUSDT,KSM,USDT,TRADING,binance,futures,合约,PERPETUAL
NEARUSDT,NEAR,USDT,TRADING,binance,futures,合约,PERPETUAL
AAVEUSDT,AAVE,USDT,TRADING,binance,futures,合约,PERPETUAL
FILUSDT,FIL,USDT,TRADING,binance,futures,合约,PERPETUAL
RSRUSDT,RSR,USDT,TRADING,binance,futures,合约,PERPETUAL
LRCUSDT,LRC,USDT,TRADING,binance,futures,合约,PERPETUAL
BELUSDT,BEL,USDT,TRADING,binance,futures,合约,PERPETUAL
AXSUSDT,AXS,USDT,TRADING,binance,futures,合约,PERPETUAL
ALPHAUSDT,ALPHA,USDT,TRADING,binance,futures,合约,PERPETUAL
ZENUSDT,ZEN,USDT,TRADING,binance,futures,合约,PERPETUAL
SKLUSDT,SKL,USDT,TRADING,binance,futures,合约,PERPETUAL
GRTUSDT,GRT,USDT,TRADING,binance,futures,合约,PERPETUAL
1INCHUSDT,1INCH,USDT,TRADING,binance,futures,合约,PERPETUAL
CHZUSDT,CHZ,USDT,TRADING,binance,futures,合约,PERPETUAL
SANDUSDT,SAND,USDT,TRADING,binance,futures,合约,PERPETUAL
ANKRUSDT,ANKR,USDT,TRADING,binance,futures,合约,PERPETUAL
RVNUSDT,RVN,USDT,TRADING,binance,futures,合约,PERPETUAL
SFPUSDT,SFP,USDT,TRADING,binance,futures,合约,PERPETUAL
COTIUSDT,COTI,USDT,TRADING,binance,futures,合约,PERPETUAL
CHRUSDT,CHR,USDT,TRADING,binance,futures,合约,PERPETUAL
MANAUSDT,MANA,USDT,TRADING,binance,futures,合约,PERPETUAL
ALICEUSDT,ALICE,USDT,TRADING,binance,futures,合约,PERPETUAL
HBARUSDT,HBAR,USDT,TRADING,binance,futures,合约,PERPETUAL
ONEUSDT,ONE,USDT,TRADING,binance,futures,合约,PERPETUAL
DENTUSDT,DENT,USDT,TRADING,binance,futures,合约,PERPETUAL
CELRUSDT,CELR,USDT,TRADING,binance,futures,合约,PERPETUAL
HOTUSDT,HOT,USDT,TRADING,binance,futures,合约,PERPETUAL
MTLUSDT,MTL,USDT,TRADING,binance,futures,合约,PERPETUAL
OGNUSDT,OGN,USDT,TRADING,binance,futures,合约,PERPETUAL
NKNUSDT,NKN,USDT,TRADING,binance,futures,合约,PERPETUAL
1000SHIBUSDT,1000SHIB,USDT,TRADING,binance,futures,合约,PERPETUAL
BAKEUSDT,BAKE,USDT,TRADING,binance,futures,合约,PERPETUAL
GTCUSDT,GTC,USDT,TRADING,binance,futures,合约,PERPETUAL
BTCDOMUSDT,BTCDOM,USDT,TRADING,binance,futures,合约,PERPETUAL
IOTXUSDT,IOTX,USDT,TRADING,binance,futures,合约,PERPETUAL
C98USDT,C98,USDT,TRADING,binance,futures,合约,PERPETUAL
MASKUSDT,MASK,USDT,TRADING,binance,futures,合约,PERPETUAL
ATAUSDT,ATA,USDT,TRADING,binance,futures,合约,PERPETUAL
DYDXUSDT,DYDX,USDT,TRADING,binance,futures,合约,PERPETUAL
1000XECUSDT,1000XEC,USDT,TRADING,binance,futures,合约,PERPETUAL
GALAUSDT,GALA,USDT,TRADING,binance,futures,合约,PERPETUAL
CELOUSDT,CELO,USDT,TRADING,binance,futures,合约,PERPETUAL
ARUSDT,AR,USDT,TRADING,binance,futures,合约,PERPETUAL
ARPAUSDT,ARPA,USDT,TRADING,binance,futures,合约,PERPETUAL
CTSIUSDT,CTSI,USDT,TRADING,binance,futures,合约,PERPETUAL
LPTUSDT,LPT,USDT,TRADING,binance,futures,合约,PERPETUAL
ENSUSDT,ENS,USDT,TRADING,binance,futures,合约,PERPETUAL
PEOPLEUSDT,PEOPLE,USDT,TRADING,binance,futures,合约,PERPETUAL
ROSEUSDT,ROSE,USDT,TRADING,binance,futures,合约,PERPETUAL
DUSKUSDT,DUSK,USDT,TRADING,binance,futures,合约,PERPETUAL
FLOWUSDT,FLOW,USDT,TRADING,binance,futures,合约,PERPETUAL
IMXUSDT,IMX,USDT,TRADING,binance,futures,合约,PERPETUAL
API3USDT,API3,USDT,TRADING,binance,futures,合约,PERPETUAL
GMTUSDT,GMT,USDT,TRADING,binance,futures,合约,PERPETUAL
APEUSDT,APE,USDT,TRADING,binance,futures,合约,PERPETUAL
WOOUSDT,WOO,USDT,TRADING,binance,futures,合约,PERPETUAL
JASMYUSDT,JASMY,USDT,TRADING,binance,futures,合约,PERPETUAL
OPUSDT,OP,USDT,TRADING,binance,futures,合约,PERPETUAL
INJUSDT,INJ,USDT,TRADING,binance,futures,合约,PERPETUAL
STGUSDT,STG,USDT,TRADING,binance,futures,合约,PERPETUAL
SPELLUSDT,SPELL,USDT,TRADING,binance,futures,合约,PERPETUAL
1000LUNCUSDT,1000LUNC,USDT,TRADING,binance,futures,合约,PERPETUAL
LUNA2USDT,LUNA2,USDT,TRADING,binance,futures,合约,PERPETUAL
LDOUSDT,LDO,USDT,TRADING,binance,futures,合约,PERPETUAL
ICPUSDT,ICP,USDT,TRADING,binance,futures,合约,PERPETUAL
APTUSDT,APT,USDT,TRADING,binance,futures,合约,PERPETUAL
QNTUSDT,QNT,USDT,TRADING,binance,futures,合约,PERPETUAL
FETUSDT,FET,USDT,TRADING,binance,futures,合约,PERPETUAL
FXSUSDT,FXS,USDT,TRADING,binance,futures,合约,PERPETUAL
HOOKUSDT,HOOK,USDT,TRADING,binance,futures,合约,PERPETUAL
MAGICUSDT,MAGIC,USDT,TRADING,binance,futures,合约,PERPETUAL
TUSDT,T,USDT,TRADING,binance,futures,合约,PERPETUAL
HIGHUSDT,HIGH,USDT,TRADING,binance,futures,合约,PERPETUAL
MINAUSDT,MINA,USDT,TRADING,binance,futures,合约,PERPETUAL
ASTRUSDT,ASTR,USDT,TRADING,binance,futures,合约,PERPETUAL
PHBUSDT,PHB,USDT,TRADING,binance,futures,合约,PERPETUAL
GMXUSDT,GMX,USDT,TRADING,binance,futures,合约,PERPETUAL
CFXUSDT,CFX,USDT,TRADING,binance,futures,合约,PERPETUAL
STXUSDT,STX,USDT,TRADING,binance,futures,合约,PERPETUAL
ACHUSDT,ACH,USDT,TRADING,binance,futures,合约,PERPETUAL
SSVUSDT,SSV,USDT,TRADING,binance,futures,合约,PERPETUAL
CKBUSDT,CKB,USDT,TRADING,binance,futures,合约,PERPETUAL
PERPUSDT,PERP,USDT,TRADING,binance,futures,合约,PERPETUAL
TRUUSDT,TRU,USDT,TRADING,binance,futures,合约,PERPETUAL
LQTYUSDT,LQTY,USDT,TRADING,binance,futures,合约,PERPETUAL
USDCUSDT,USDC,USDT,TRADING,binance,futures,合约,PERPETUAL
IDUSDT,ID,USDT,TRADING,binance,futures,合约,PERPETUAL
ARBUSDT,ARB,USDT,TRADING,binance,futures,合约,PERPETUAL
JOEUSDT,JOE,USDT,TRADING,binance,futures,合约,PERPETUAL
TLMUSDT,TLM,USDT,TRADING,binance,futures,合约,PERPETUAL
LEVERUSDT,LEVER,USDT,TRADING,binance,futures,合约,PERPETUAL
RDNTUSDT,RDNT,USDT,TRADING,binance,futures,合约,PERPETUAL
HFTUSDT,HFT,USDT,TRADING,binance,futures,合约,PERPETUAL
XVSUSDT,XVS,USDT,TRADING,binance,futures,合约,PERPETUAL
ETHBTC,ETH,BTC,TRADING,binance,futures,合约,PERPETUAL
BLURUSDT,BLUR,USDT,TRADING,binance,futures,合约,PERPETUAL
EDUUSDT,EDU,USDT,TRADING,binance,futures,合约,PERPETUAL
SUIUSDT,SUI,USDT,TRADING,binance,futures,合约,PERPETUAL
1000PEPEUSDT,1000PEPE,USDT,TRADING,binance,futures,合约,PERPETUAL
1000FLOKIUSDT,1000FLOKI,USDT,TRADING,binance,futures,合约,PERPETUAL
UMAUSDT,UMA,USDT,TRADING,binance,futures,合约,PERPETUAL
NMRUSDT,NMR,USDT,TRADING,binance,futures,合约,PERPETUAL
MAVUSDT,MAV,USDT,TRADING,binance,futures,合约,PERPETUAL
XVGUSDT,XVG,USDT,TRADING,binance,futures,合约,PERPETUAL
WLDUSDT,WLD,USDT,TRADING,binance,futures,合约,PERPETUAL
PENDLEUSDT,PENDLE,USDT,TRADING,binance,futures,合约,PERPETUAL
ARKMUSDT,ARKM,USDT,TRADING,binance,futures,合约,PERPETUAL
AGLDUSDT,AGLD,USDT,TRADING,binance,futures,合约,PERPETUAL
YGGUSDT,YGG,USDT,TRADING,binance,futures,合约,PERPETUAL
DODOXUSDT,DODOX,USDT,TRADING,binance,futures,合约,PERPETUAL
BNTUSDT,BNT,USDT,TRADING,binance,futures,合约,PERPETUAL
OXTUSDT,OXT,USDT,TRADING,binance,futures,合约,PERPETUAL
SEIUSDT,SEI,USDT,TRADING,binance,futures,合约,PERPETUAL
CYBERUSDT,CYBER,USDT,TRADING,binance,futures,合约,PERPETUAL
HIFIUSDT,HIFI,USDT,TRADING,binance,futures,合约,PERPETUAL
ARKUSDT,ARK,USDT,TRADING,binance,futures,合约,PERPETUAL
BICOUSDT,BICO,USDT,TRADING,binance,futures,合约,PERPETUAL
BIGTIMEUSDT,BIGTIME,USDT,TRADING,binance,futures,合约,PERPETUAL
WAXPUSDT,WAXP,USDT,TRADING,binance,futures,合约,PERPETUAL
BSVUSDT,BSV,USDT,TRADING,binance,futures,合约,PERPETUAL
RIFUSDT,RIF,USDT,TRADING,binance,futures,合约,PERPETUAL
POLYXUSDT,POLYX,USDT,TRADING,binance,futures,合约,PERPETUAL
GASUSDT,GAS,USDT,TRADING,binance,futures,合约,PERPETUAL
POWRUSDT,POWR,USDT,TRADING,binance,futures,合约,PERPETUAL
TIAUSDT,TIA,USDT,TRADING,binance,futures,合约,PERPETUAL
CAKEUSDT,CAKE,USDT,TRADING,binance,futures,合约,PERPETUAL
MEMEUSDT,MEME,USDT,TRADING,binance,futures,合约,PERPETUAL
TWTUSDT,TWT,USDT,TRADING,binance,futures,合约,PERPETUAL
TOKENUSDT,TOKEN,USDT,TRADING,binance,futures,合约,PERPETUAL
ORDIUSDT,ORDI,USDT,TRADING,binance,futures,合约,PERPETUAL
STEEMUSDT,STEEM,USDT,TRADING,binance,futures,合约,PERPETUAL
ILVUSDT,ILV,USDT,TRADING,binance,futures,合约,PERPETUAL
NTRNUSDT,NTRN,USDT,TRADING,binance,futures,合约,PERPETUAL
KASUSDT,KAS,USDT,TRADING,binance,futures,合约,PERPETUAL
BEAMXUSDT,BEAMX,USDT,TRADING,binance,futures,合约,PERPETUAL
1000BONKUSDT,1000BONK,USDT,TRADING,binance,futures,合约,PERPETUAL
PYTHUSDT,PYTH,USDT,TRADING,binance,futures,合约,PERPETUAL
SUPERUSDT,SUPER,USDT,TRADING,binance,futures,合约,PERPETUAL
USTCUSDT,USTC,USDT,TRADING,binance,futures,合约,PERPETUAL
ONGUSDT,ONG,USDT,TRADING,binance,futures,合约,PERPETUAL
ETHWUSDT,ETHW,USDT,TRADING,binance,futures,合约,PERPETUAL
JTOUSDT,JTO,USDT,TRADING,binance,futures,合约,PERPETUAL
1000SATSUSDT,1000SATS,USDT,TRADING,binance,futures,合约,PERPETUAL
AUCTIONUSDT,AUCTION,USDT,TRADING,binance,futures,合约,PERPETUAL
1000RATSUSDT,1000RATS,USDT,TRADING,binance,futures,合约,PERPETUAL
ACEUSDT,ACE,USDT,TRADING,binance,futures,合约,PERPETUAL
MOVRUSDT,MOVR,USDT,TRADING,binance,futures,合约,PERPETUAL
NFPUSDT,NFP,USDT,TRADING,binance,futures,合约,PERPETUAL
BTCUSDC,BTC,USDC,TRADING,binance,futures,合约,PERPETUAL
ETHUSDC,ETH,USDC,TRADING,binance,futures,合约,PERPETUAL
BNBUSDC,BNB,USDC,TRADING,binance,futures,合约,PERPETUAL
SOLUSDC,SOL,USDC,TRADING,binance,futures,合约,PERPETUAL
XRPUSDC,XRP,USDC,TRADING,binance,futures,合约,PERPETUAL
AIUSDT,AI,USDT,TRADING,binance,futures,合约,PERPETUAL
XAIUSDT,XAI,USDT,TRADING,binance,futures,合约,PERPETUAL
DOGEUSDC,DOGE,USDC,TRADING,binance,futures,合约,PERPETUAL
WIFUSDT,WIF,USDT,TRADING,binance,futures,合约,PERPETUAL
MANTAUSDT,MANTA,USDT,TRADING,binance,futures,合约,PERPETUAL
ONDOUSDT,ONDO,USDT,TRADING,binance,futures,合约,PERPETUAL
LSKUSDT,LSK,USDT,TRADING,binance,futures,合约,PERPETUAL
ALTUSDT,ALT,USDT,TRADING,binance,futures,合约,PERPETUAL
JUPUSDT,JUP,USDT,TRADING,binance,futures,合约,PERPETUAL
ZETAUSDT,ZETA,USDT,TRADING,binance,futures,合约,PERPETUAL
RONINUSDT,RONIN,USDT,TRADING,binance,futures,合约,PERPETUAL
DYMUSDT,DYM,USDT,TRADING,binance,futures,合约,PERPETUAL
SUIUSDC,SUI,USDC,TRADING,binance,futures,合约,PERPETUAL
OMUSDT,OM,USDT,TRADING,binance,futures,合约,PERPETUAL
LINKUSDC,LINK,USDC,TRADING,binance,futures,合约,PERPETUAL
PIXELUSDT,PIXEL,USDT,TRADING,binance,futures,合约,PERPETUAL
STRKUSDT,STRK,USDT,TRADING,binance,futures,合约,PERPETUAL
ORDIUSDC,ORDI,USDC,TRADING,binance,futures,合约,PERPETUAL
GLMUSDT,GLM,USDT,TRADING,binance,futures,合约,PERPETUAL
PORTALUSDT,PORTAL,USDT,TRADING,binance,futures,合约,PERPETUAL
TONUSDT,TON,USDT,TRADING,binance,futures,合约,PERPETUAL
AXLUSDT,AXL,USDT,TRADING,binance,futures,合约,PERPETUAL
MYROUSDT,MYRO,USDT,TRADING,binance,futures,合约,PERPETUAL
1000PEPEUSDC,1000PEPE,USDC,TRADING,binance,futures,合约,PERPETUAL
METISUSDT,METIS,USDT,TRADING,binance,futures,合约,PERPETUAL
AEVOUSDT,AEVO,USDT,TRADING,binance,futures,合约,PERPETUAL
WLDUSDC,WLD,USDC,TRADING,binance,futures,合约,PERPETUAL
VANRYUSDT,VANRY,USDT,TRADING,binance,futures,合约,PERPETUAL
BOMEUSDT,BOME,USDT,TRADING,binance,futures,合约,PERPETUAL
ETHFIUSDT,ETHFI,USDT,TRADING,binance,futures,合约,PERPETUAL
AVAXUSDC,AVAX,USDC,TRADING,binance,futures,合约,PERPETUAL
1000SHIBUSDC,1000SHIB,USDC,TRADING,binance,futures,合约,PERPETUAL
ENAUSDT,ENA,USDT,TRADING,binance,futures,合约,PERPETUAL
WUSDT,W,USDT,TRADING,binance,futures,合约,PERPETUAL
WIFUSDC,WIF,USDC,TRADING,binance,futures,合约,PERPETUAL
BCHUSDC,BCH,USDC,TRADING,binance,futures,合约,PERPETUAL
TNSRUSDT,TNSR,USDT,TRADING,binance,futures,合约,PERPETUAL
SAGAUSDT,SAGA,USDT,TRADING,binance,futures,合约,PERPETUAL
LTCUSDC,LTC,USDC,TRADING,binance,futures,合约,PERPETUAL
NEARUSDC,NEAR,USDC,TRADING,binance,futures,合约,PERPETUAL
TAOUSDT,TAO,USDT,TRADING,binance,futures,合约,PERPETUAL
OMNIUSDT,OMNI,USDT,TRADING,binance,futures,合约,PERPETUAL
ARBUSDC,ARB,USDC,TRADING,binance,futures,合约,PERPETUAL
NEOUSDC,NEO,USDC,TRADING,binance,futures,合约,PERPETUAL
FILUSDC,FIL,USDC,TRADING,binance,futures,合约,PERPETUAL
TIAUSDC,TIA,USDC,TRADING,binance,futures,合约,PERPETUAL
BOMEUSDC,BOME,USDC,TRADING,binance,futures,合约,PERPETUAL
REZUSDT,REZ,USDT,TRADING,binance,futures,合约,PERPETUAL
ENAUSDC,ENA,USDC,TRADING,binance,futures,合约,PERPETUAL
ETHFIUSDC,ETHFI,USDC,TRADING,binance,futures,合约,PERPETUAL
1000BONKUSDC,1000BONK,USDC,TRADING,binance,futures,合约,PERPETUAL
BBUSDT,BB,USDT,TRADING,binance,futures,合约,PERPETUAL
NOTUSDT,NOT,USDT,TRADING,binance,futures,合约,PERPETUAL
TURBOUSDT,TURBO,USDT,TRADING,binance,futures,合约,PERPETUAL
IOUSDT,IO,USDT,TRADING,binance,futures,合约,PERPETUAL
ZKUSDT,ZK,USDT,TRADING,binance,futures,合约,PERPETUAL
MEWUSDT,MEW,USDT,TRADING,binance,futures,合约,PERPETUAL
LISTAUSDT,LISTA,USDT,TRADING,binance,futures,合约,PERPETUAL
ZROUSDT,ZRO,USDT,TRADING,binance,futures,合约,PERPETUAL
CRVUSDC,CRV,USDC,TRADING,binance,futures,合约,PERPETUAL
RENDERUSDT,RENDER,USDT,TRADING,binance,futures,合约,PERPETUAL
BANANAUSDT,BANANA,USDT,TRADING,binance,futures,合约,PERPETUAL
RAREUSDT,RARE,USDT,TRADING,binance,futures,合约,PERPETUAL
GUSDT,G,USDT,TRADING,binance,futures,合约,PERPETUAL
SYNUSDT,SYN,USDT,TRADING,binance,futures,合约,PERPETUAL
SYSUSDT,SYS,USDT,TRADING,binance,futures,合约,PERPETUAL
VOXELUSDT,VOXEL,USDT,TRADING,binance,futures,合约,PERPETUAL
BRETTUSDT,BRETT,USDT,TRADING,binance,futures,合约,PERPETUAL
POPCATUSDT,POPCAT,USDT,TRADING,binance,futures,合约,PERPETUAL
SUNUSDT,SUN,USDT,TRADING,binance,futures,合约,PERPETUAL
DOGSUSDT,DOGS,USDT,TRADING,binance,futures,合约,PERPETUAL
MBOXUSDT,MBOX,USDT,TRADING,binance,futures,合约,PERPETUAL
CHESSUSDT,CHESS,USDT,TRADING,binance,futures,合约,PERPETUAL
FLUXUSDT,FLUX,USDT,TRADING,binance,futures,合约,PERPETUAL
BSWUSDT,BSW,USDT,TRADING,binance,futures,合约,PERPETUAL
QUICKUSDT,QUICK,USDT,TRADING,binance,futures,合约,PERPETUAL
NEIROETHUSDT,NEIROETH,USDT,TRADING,binance,futures,合约,PERPETUAL
RPLUSDT,RPL,USDT,TRADING,binance,futures,合约,PERPETUAL
POLUSDT,POL,USDT,TRADING,binance,futures,合约,PERPETUAL
UXLINKUSDT,UXLINK,USDT,TRADING,binance,futures,合约,PERPETUAL
1MBABYDOGEUSDT,1MBABYDOGE,USDT,TRADING,binance,futures,合约,PERPETUAL
NEIROUSDT,NEIRO,USDT,TRADING,binance,futures,合约,PERPETUAL
KDAUSDT,KDA,USDT,TRADING,binance,futures,合约,PERPETUAL
FIDAUSDT,FIDA,USDT,TRADING,binance,futures,合约,PERPETUAL
FIOUSDT,FIO,USDT,TRADING,binance,futures,合约,PERPETUAL
CATIUSDT,CATI,USDT,TRADING,binance,futures,合约,PERPETUAL
GHSTUSDT,GHST,USDT,TRADING,binance,futures,合约,PERPETUAL
HMSTRUSDT,HMSTR,USDT,TRADING,binance,futures,合约,PERPETUAL
REIUSDT,REI,USDT,TRADING,binance,futures,合约,PERPETUAL
COSUSDT,COS,USDT,TRADING,binance,futures,合约,PERPETUAL
EIGENUSDT,EIGEN,USDT,TRADING,binance,futures,合约,PERPETUAL
DIAUSDT,DIA,USDT,TRADING,binance,futures,合约,PERPETUAL
1000CATUSDT,1000CAT,USDT,TRADING,binance,futures,合约,PERPETUAL
SCRUSDT,SCR,USDT,TRADING,binance,futures,合约,PERPETUAL
GOATUSDT,GOAT,USDT,TRADING,binance,futures,合约,PERPETUAL
MOODENGUSDT,MOODENG,USDT,TRADING,binance,futures,合约,PERPETUAL
SAFEUSDT,SAFE,USDT,TRADING,binance,futures,合约,PERPETUAL
SANTOSUSDT,SANTOS,USDT,TRADING,binance,futures,合约,PERPETUAL
PONKEUSDT,PONKE,USDT,TRADING,binance,futures,合约,PERPETUAL
COWUSDT,COW,USDT,TRADING,binance,futures,合约,PERPETUAL
CETUSUSDT,CETUS,USDT,TRADING,binance,futures,合约,PERPETUAL
1000000MOGUSDT,1000000MOG,USDT,TRADING,binance,futures,合约,PERPETUAL
GRASSUSDT,GRASS,USDT,TRADING,binance,futures,合约,PERPETUAL
DRIFTUSDT,DRIFT,USDT,TRADING,binance,futures,合约,PERPETUAL
SWELLUSDT,SWELL,USDT,TRADING,binance,futures,合约,PERPETUAL
ACTUSDT,ACT,USDT,TRADING,binance,futures,合约,PERPETUAL
PNUTUSDT,PNUT,USDT,TRADING,binance,futures,合约,PERPETUAL
HIPPOUSDT,HIPPO,USDT,TRADING,binance,futures,合约,PERPETUAL
1000XUSDT,1000X,USDT,TRADING,binance,futures,合约,PERPETUAL
DEGENUSDT,DEGEN,USDT,TRADING,binance,futures,合约,PERPETUAL
BANUSDT,BAN,USDT,TRADING,binance,futures,合约,PERPETUAL
AKTUSDT,AKT,USDT,TRADING,binance,futures,合约,PERPETUAL
SLERFUSDT,SLERF,USDT,TRADING,binance,futures,合约,PERPETUAL
SCRTUSDT,SCRT,USDT,TRADING,binance,futures,合约,PERPETUAL
1000CHEEMSUSDT,1000CHEEMS,USDT,TRADING,binance,futures,合约,PERPETUAL
1000WHYUSDT,1000WHY,USDT,TRADING,binance,futures,合约,PERPETUAL
THEUSDT,THE,USDT,TRADING,binance,futures,合约,PERPETUAL
MORPHOUSDT,MORPHO,USDT,TRADING,binance,futures,合约,PERPETUAL
CHILLGUYUSDT,CHILLGUY,USDT,TRADING,binance,futures,合约,PERPETUAL
KAIAUSDT,KAIA,USDT,TRADING,binance,futures,合约,PERPETUAL
AEROUSDT,AERO,USDT,TRADING,binance,futures,合约,PERPETUAL
ACXUSDT,ACX,USDT,TRADING,binance,futures,合约,PERPETUAL
ORCAUSDT,ORCA,USDT,TRADING,binance,futures,合约,PERPETUAL
MOVEUSDT,MOVE,USDT,TRADING,binance,futures,合约,PERPETUAL
RAYSOLUSDT,RAYSOL,USDT,TRADING,binance,futures,合约,PERPETUAL
KOMAUSDT,KOMA,USDT,TRADING,binance,futures,合约,PERPETUAL
VIRTUALUSDT,VIRTUAL,USDT,TRADING,binance,futures,合约,PERPETUAL
SPXUSDT,SPX,USDT,TRADING,binance,futures,合约,PERPETUAL
MEUSDT,ME,USDT,TRADING,binance,futures,合约,PERPETUAL
AVAUSDT,AVA,USDT,TRADING,binance,futures,合约,PERPETUAL
DEGOUSDT,DEGO,USDT,TRADING,binance,futures,合约,PERPETUAL
VELODROMEUSDT,VELODROME,USDT,TRADING,binance,futures,合约,PERPETUAL
MOCAUSDT,MOCA,USDT,TRADING,binance,futures,合约,PERPETUAL
VANAUSDT,VANA,USDT,TRADING,binance,futures,合约,PERPETUAL
PENGUUSDT,PENGU,USDT,TRADING,binance,futures,合约,PERPETUAL
LUMIAUSDT,LUMIA,USDT,TRADING,binance,futures,合约,PERPETUAL
USUALUSDT,USUAL,USDT,TRADING,binance,futures,合约,PERPETUAL
AIXBTUSDT,AIXBT,USDT,TRADING,binance,futures,合约,PERPETUAL
FARTCOINUSDT,FARTCOIN,USDT,TRADING,binance,futures,合约,PERPETUAL
KMNOUSDT,KMNO,USDT,TRADING,binance,futures,合约,PERPETUAL
CGPTUSDT,CGPT,USDT,TRADING,binance,futures,合约,PERPETUAL
HIVEUSDT,HIVE,USDT,TRADING,binance,futures,合约,PERPETUAL
DEXEUSDT,DEXE,USDT,TRADING,binance,futures,合约,PERPETUAL
PHAUSDT,PHA,USDT,TRADING,binance,futures,合约,PERPETUAL
DFUSDT,DF,USDT,TRADING,binance,futures,合约,PERPETUAL
GRIFFAINUSDT,GRIFFAIN,USDT,TRADING,binance,futures,合约,PERPETUAL
AI16ZUSDT,AI16Z,USDT,TRADING,binance,futures,合约,PERPETUAL
ZEREBROUSDT,ZEREBRO,USDT,TRADING,binance,futures,合约,PERPETUAL
BIOUSDT,BIO,USDT,TRADING,binance,futures,合约,PERPETUAL
COOKIEUSDT,COOKIE,USDT,TRADING,binance,futures,合约,PERPETUAL
ALCHUSDT,ALCH,USDT,TRADING,binance,futures,合约,PERPETUAL
SWARMSUSDT,SWARMS,USDT,TRADING,binance,futures,合约,PERPETUAL
SONICUSDT,SONIC,USDT,TRADING,binance,futures,合约,PERPETUAL
DUSDT,D,USDT,TRADING,binance,futures,合约,PERPETUAL
PROMUSDT,PROM,USDT,TRADING,binance,futures,合约,PERPETUAL
SUSDT,S,USDT,TRADING,binance,futures,合约,PERPETUAL
SOLVUSDT,SOLV,USDT,TRADING,binance,futures,合约,PERPETUAL
ARCUSDT,ARC,USDT,TRADING,binance,futures,合约,PERPETUAL
AVAAIUSDT,AVAAI,USDT,TRADING,binance,futures,合约,PERPETUAL
TRUMPUSDT,TRUMP,USDT,TRADING,binance,futures,合约,PERPETUAL
MELANIAUSDT,MELANIA,USDT,TRADING,binance,futures,合约,PERPETUAL
VTHOUSDT,VTHO,USDT,TRADING,binance,futures,合约,PERPETUAL
ANIMEUSDT,ANIME,USDT,TRADING,binance,futures,合约,PERPETUAL
VINEUSDT,VINE,USDT,TRADING,binance,futures,合约,PERPETUAL
PIPPINUSDT,PIPPIN,USDT,TRADING,binance,futures,合约,PERPETUAL
VVVUSDT,VVV,USDT,TRADING,binance,futures,合约,PERPETUAL
BERAUSDT,BERA,USDT,TRADING,binance,futures,合约,PERPETUAL
TSTUSDT,TST,USDT,TRADING,binance,futures,合约,PERPETUAL
LAYERUSDT,LAYER,USDT,TRADING,binance,futures,合约,PERPETUAL
HEIUSDT,HEI,USDT,TRADING,binance,futures,合约,PERPETUAL
B3USDT,B3,USDT,TRADING,binance,futures,合约,PERPETUAL
IPUSDT,IP,USDT,TRADING,binance,futures,合约,PERPETUAL
GPSUSDT,GPS,USDT,TRADING,binance,futures,合约,PERPETUAL
SHELLUSDT,SHELL,USDT,TRADING,binance,futures,合约,PERPETUAL
KAITOUSDT,KAITO,USDT,TRADING,binance,futures,合约,PERPETUAL
KAITOUSDC,KAITO,USDC,TRADING,binance,futures,合约,PERPETUAL
IPUSDC,IP,USDC,TRADING,binance,futures,合约,PERPETUAL
TRUMPUSDC,TRUMP,USDC,TRADING,binance,futures,合约,PERPETUAL
ADAUSDC,ADA,USDC,TRADING,binance,futures,合约,PERPETUAL
REDUSDT,RED,USDT,TRADING,binance,futures,合约,PERPETUAL
PNUTUSDC,PNUT,USDC,TRADING,binance,futures,合约,PERPETUAL
HBARUSDC,HBAR,USDC,TRADING,binance,futures,合约,PERPETUAL
VICUSDT,VIC,USDT,TRADING,binance,futures,合约,PERPETUAL
EPICUSDT,EPIC,USDT,TRADING,binance,futures,合约,PERPETUAL
BMTUSDT,BMT,USDT,TRADING,binance,futures,合约,PERPETUAL
MUBARAKUSDT,MUBARAK,USDT,TRADING,binance,futures,合约,PERPETUAL
FORMUSDT,FORM,USDT,TRADING,binance,futures,合约,PERPETUAL
BIDUSDT,BID,USDT,TRADING,binance,futures,合约,PERPETUAL
TUTUSDT,TUT,USDT,TRADING,binance,futures,合约,PERPETUAL
BROCCOLI714USDT,BROCCOLI714,USDT,TRADING,binance,futures,合约,PERPETUAL
BROCCOLIF3BUSDT,BROCCOLIF3B,USDT,TRADING,binance,futures,合约,PERPETUAL
SIRENUSDT,SIREN,USDT,TRADING,binance,futures,合约,PERPETUAL
BANANAS31USDT,BANANAS31,USDT,TRADING,binance,futures,合约,PERPETUAL
BRUSDT,BR,USDT,TRADING,binance,futures,合约,PERPETUAL
PLUMEUSDT,PLUME,USDT,TRADING,binance,futures,合约,PERPETUAL
NILUSDT,NIL,USDT,TRADING,binance,futures,合约,PERPETUAL
PARTIUSDT,PARTI,USDT,TRADING,binance,futures,合约,PERPETUAL
JELLYJELLYUSDT,JELLYJELLY,USDT,TRADING,binance,futures,合约,PERPETUAL
MAVIAUSDT,MAVIA,USDT,TRADING,binance,futures,合约,PERPETUAL
PAXGUSDT,PAXG,USDT,TRADING,binance,futures,合约,PERPETUAL
WALUSDT,WAL,USDT,TRADING,binance,futures,合约,PERPETUAL
BTCUSDT_250926,BTC,USDT,TRADING,binance,futures,合约,CURRENT_QUARTER
ETHUSDT_250926,ETH,USDT,TRADING,binance,futures,合约,CURRENT_QUARTER
FUNUSDT,FUN,USDT,TRADING,binance,futures,合约,PERPETUAL
MLNUSDT,MLN,USDT,TRADING,binance,futures,合约,PERPETUAL
GUNUSDT,GUN,USDT,TRADING,binance,futures,合约,PERPETUAL
ATHUSDT,ATH,USDT,TRADING,binance,futures,合约,PERPETUAL
BABYUSDT,BABY,USDT,TRADING,binance,futures,合约,PERPETUAL
FORTHUSDT,FORTH,USDT,TRADING,binance,futures,合约,PERPETUAL
PROMPTUSDT,PROMPT,USDT,TRADING,binance,futures,合约,PERPETUAL
XCNUSDT,XCN,USDT,TRADING,binance,futures,合约,PERPETUAL
STOUSDT,STO,USDT,TRADING,binance,futures,合约,PERPETUAL
FHEUSDT,FHE,USDT,TRADING,binance,futures,合约,PERPETUAL
KERNELUSDT,KERNEL,USDT,TRADING,binance,futures,合约,PERPETUAL
WCTUSDT,WCT,USDT,TRADING,binance,futures,合约,PERPETUAL
INITUSDT,INIT,USDT,TRADING,binance,futures,合约,PERPETUAL
AERGOUSDT,AERGO,USDT,TRADING,binance,futures,合约,PERPETUAL
BANKUSDT,BANK,USDT,TRADING,binance,futures,合约,PERPETUAL
EPTUSDT,EPT,USDT,TRADING,binance,futures,合约,PERPETUAL
DEEPUSDT,DEEP,USDT,TRADING,binance,futures,合约,PERPETUAL
HYPERUSDT,HYPER,USDT,TRADING,binance,futures,合约,PERPETUAL
MEMEFIUSDT,MEMEFI,USDT,TRADING,binance,futures,合约,PERPETUAL
FISUSDT,FIS,USDT,TRADING,binance,futures,合约,PERPETUAL
JSTUSDT,JST,USDT,TRADING,binance,futures,合约,PERPETUAL
SIGNUSDT,SIGN,USDT,TRADING,binance,futures,合约,PERPETUAL
PUNDIXUSDT,PUNDIX,USDT,TRADING,binance,futures,合约,PERPETUAL
CTKUSDT,CTK,USDT,TRADING,binance,futures,合约,PERPETUAL
AIOTUSDT,AIOT,USDT,TRADING,binance,futures,合约,PERPETUAL
DOLOUSDT,DOLO,USDT,TRADING,binance,futures,合约,PERPETUAL
HAEDALUSDT,HAEDAL,USDT,TRADING,binance,futures,合约,PERPETUAL
SXTUSDT,SXT,USDT,TRADING,binance,futures,合约,PERPETUAL
ASRUSDT,ASR,USDT,TRADING,binance,futures,合约,PERPETUAL
ALPINEUSDT,ALPINE,USDT,TRADING,binance,futures,合约,PERPETUAL
B2USDT,B2,USDT,TRADING,binance,futures,合约,PERPETUAL
MILKUSDT,MILK,USDT,TRADING,binance,futures,合约,PERPETUAL
SYRUPUSDT,SYRUP,USDT,TRADING,binance,futures,合约,PERPETUAL
OBOLUSDT,OBOL,USDT,TRADING,binance,futures,合约,PERPETUAL
DOODUSDT,DOOD,USDT,TRADING,binance,futures,合约,PERPETUAL
OGUSDT,OG,USDT,TRADING,binance,futures,合约,PERPETUAL
ZKJUSDT,ZKJ,USDT,TRADING,binance,futures,合约,PERPETUAL
SKYAIUSDT,SKYAI,USDT,TRADING,binance,futures,合约,PERPETUAL
NXPCUSDT,NXPC,USDT,TRADING,binance,futures,合约,PERPETUAL
CVCUSDT,CVC,USDT,TRADING,binance,futures,合约,PERPETUAL
AGTUSDT,AGT,USDT,TRADING,binance,futures,合约,PERPETUAL
AWEUSDT,AWE,USDT,TRADING,binance,futures,合约,PERPETUAL
BUSDT,B,USDT,TRADING,binance,futures,合约,PERPETUAL
SOONUSDT,SOON,USDT,TRADING,binance,futures,合约,PERPETUAL
HUMAUSDT,HUMA,USDT,TRADING,binance,futures,合约,PERPETUAL
AUSDT,A,USDT,TRADING,binance,futures,合约,PERPETUAL
SOPHUSDT,SOPH,USDT,TRADING,binance,futures,合约,PERPETUAL
MERLUSDT,MERL,USDT,TRADING,binance,futures,合约,PERPETUAL
HYPEUSDT,HYPE,USDT,TRADING,binance,futures,合约,PERPETUAL
BDXNUSDT,BDXN,USDT,TRADING,binance,futures,合约,PERPETUAL
PUFFERUSDT,PUFFER,USDT,TRADING,binance,futures,合约,PERPETUAL
PORT3USDT,PORT3,USDT,TRADING,binance,futures,合约,PERPETUAL
1000000BOBUSDT,1000000BOB,USDT,TRADING,binance,futures,合约,PERPETUAL
LAUSDT,LA,USDT,TRADING,binance,futures,合约,PERPETUAL
SKATEUSDT,SKATE,USDT,TRADING,binance,futures,合约,PERPETUAL
HOMEUSDT,HOME,USDT,TRADING,binance,futures,合约,PERPETUAL
RESOLVUSDT,RESOLV,USDT,TRADING,binance,futures,合约,PERPETUAL
TAIKOUSDT,TAIKO,USDT,TRADING,binance,futures,合约,PERPETUAL
SQDUSDT,SQD,USDT,TRADING,binance,futures,合约,PERPETUAL
PUMPBTCUSDT,PUMPBTC,USDT,TRADING,binance,futures,合约,PERPETUAL
AAVEUSDC,AAVE,USDC,TRADING,binance,futures,合约,PERPETUAL
UNIUSDC,UNI,USDC,TRADING,binance,futures,合约,PERPETUAL
SPKUSDT,SPK,USDT,TRADING,binance,futures,合约,PERPETUAL
MYXUSDT,MYX,USDT,TRADING,binance,futures,合约,PERPETUAL
FUSDT,F,USDT,TRADING,binance,futures,合约,PERPETUAL
NEWTUSDT,NEWT,USDT,TRADING,binance,futures,合约,PERPETUAL
DMCUSDT,DMC,USDT,TRADING,binance,futures,合约,PERPETUAL
HUSDT,H,USDT,TRADING,binance,futures,合约,PERPETUAL
OLUSDT,OL,USDT,TRADING,binance,futures,合约,PERPETUAL
SAHARAUSDT,SAHARA,USDT,TRADING,binance,futures,合约,PERPETUAL
BTCUSDT_251226,BTC,USDT,TRADING,binance,futures,合约,NEXT_QUARTER
ETHUSDT_251226,ETH,USDT,TRADING,binance,futures,合约,NEXT_QUARTER
ICNTUSDT,ICNT,USDT,TRADING,binance,futures,合约,PERPETUAL
BULLAUSDT,BULLA,USDT,TRADING,binance,futures,合约,PERPETUAL
IDOLUSDT,IDOL,USDT,TRADING,binance,futures,合约,PERPETUAL
MUSDT,M,USDT,TRADING,binance,futures,合约,PERPETUAL
TANSSIUSDT,TANSSI,USDT,TRADING,binance,futures,合约,PERPETUAL
PUMPUSDT,PUMP,USDT,TRADING,binance,futures,合约,PERPETUAL
CROSSUSDT,CROSS,USDT,TRADING,binance,futures,合约,PERPETUAL
AINUSDT,AIN,USDT,TRADING,binance,futures,合约,PERPETUAL
CUSDT,C,USDT,TRADING,binance,futures,合约,PERPETUAL
VELVETUSDT,VELVET,USDT,TRADING,binance,futures,合约,PERPETUAL
TACUSDT,TAC,USDT,TRADING,binance,futures,合约,PERPETUAL
ERAUSDT,ERA,USDT,TRADING,binance,futures,合约,PERPETUAL
TAUSDT,TA,USDT,TRADING,binance,futures,合约,PERPETUAL
PENGUUSDC,PENGU,USDC,TRADING,binance,futures,合约,PERPETUAL
CVXUSDT,CVX,USDT,TRADING,binance,futures,合约,PERPETUAL
SLPUSDT,SLP,USDT,TRADING,binance,futures,合约,PERPETUAL
