symbol,baseCurrency,quoteCurrency,state,category,listTime,exchange,type,trading_type,contractType,expTime
USDT-SGD,USDT,SGD,live,1,1734678000000,okx,spot,现货,,
USDC-SGD,USDC,SGD,live,1,1734678600000,okx,spot,现货,,
BTC-AUD,BTC,AUD,live,1,1723782600000,okx,spot,现货,,
ETH-AUD,ETH,AUD,live,1,1723784400000,okx,spot,现货,,
SOL-AUD,SOL,AUD,live,1,1733798100000,okx,spot,现货,,
XRP-AUD,XRP,AUD,live,1,1733798400000,okx,spot,现货,,
TRUMP-AUD,TRUMP,AUD,live,1,1737543000000,okx,spot,现货,,
USDT-AUD,USDT,AUD,live,1,1723779000000,okx,spot,现货,,
USDC-AUD,USDC,AUD,live,1,1723780800000,okx,spot,现货,,
BTC-AED,BTC,AED,live,1,1726545900000,okx,spot,现货,,
ETH-AED,ETH,AED,live,1,1726546200000,okx,spot,现货,,
SOL-AED,SOL,AED,live,1,1733799900000,okx,spot,现货,,
XRP-AED,XRP,AED,live,1,1733800200000,okx,spot,现货,,
TRUMP-AED,TRUMP,AED,live,1,1737542400000,okx,spot,现货,,
USDT-AED,USDT,AED,live,1,1726545600000,okx,spot,现货,,
BTC-BRL,BTC,BRL,live,1,1707359400000,okx,spot,现货,,
ETH-BRL,ETH,BRL,live,1,1707360300000,okx,spot,现货,,
SOL-BRL,SOL,BRL,live,1,1733799300000,okx,spot,现货,,
XRP-BRL,XRP,BRL,live,1,1733799600000,okx,spot,现货,,
PI-BRL,PI,BRL,live,1,1741338000000,okx,spot,现货,,
PEPE-BRL,PEPE,BRL,live,1,1715045400000,okx,spot,现货,,
TRUMP-BRL,TRUMP,BRL,live,1,1737542100000,okx,spot,现货,,
USDT-BRL,USDT,BRL,live,1,1707361200000,okx,spot,现货,,
USDC-BRL,USDC,BRL,live,1,1715044800000,okx,spot,现货,,
BTC-EUR,BTC,EUR,live,1,1700539860000,okx,spot,现货,,
ETH-EUR,ETH,EUR,live,1,1700539860000,okx,spot,现货,,
SOL-EUR,SOL,EUR,live,1,1700539860000,okx,spot,现货,,
TON-EUR,TON,EUR,live,1,1710393000000,okx,spot,现货,,
DOGE-EUR,DOGE,EUR,live,1,1700539860000,okx,spot,现货,,
XRP-EUR,XRP,EUR,live,1,1710383400000,okx,spot,现货,,
PI-EUR,PI,EUR,live,1,1741336200000,okx,spot,现货,,
1INCH-EUR,1INCH,EUR,live,1,1700539860000,okx,spot,现货,,
AAVE-EUR,AAVE,EUR,live,1,1710389100000,okx,spot,现货,,
ADA-EUR,ADA,EUR,live,1,1700539860000,okx,spot,现货,,
ALGO-EUR,ALGO,EUR,live,1,1710388200000,okx,spot,现货,,
APE-EUR,APE,EUR,live,1,1710390600000,okx,spot,现货,,
APT-EUR,APT,EUR,live,1,1710385500000,okx,spot,现货,,
ARB-EUR,ARB,EUR,live,1,1710387300000,okx,spot,现货,,
ASTR-EUR,ASTR,EUR,live,1,1710391800000,okx,spot,现货,,
ATOM-EUR,ATOM,EUR,live,1,1710384900000,okx,spot,现货,,
AVAX-EUR,AVAX,EUR,live,1,1700539860000,okx,spot,现货,,
AXS-EUR,AXS,EUR,live,1,1710391200000,okx,spot,现货,,
BAL-EUR,BAL,EUR,live,1,1715073000000,okx,spot,现货,,
BAT-EUR,BAT,EUR,live,1,1715073600000,okx,spot,现货,,
CHZ-EUR,CHZ,EUR,live,1,1710390900000,okx,spot,现货,,
COMP-EUR,COMP,EUR,live,1,1700539860000,okx,spot,现货,,
CRO-EUR,CRO,EUR,live,1,1710387000000,okx,spot,现货,,
CRV-EUR,CRV,EUR,live,1,1700539860000,okx,spot,现货,,
DOT-EUR,DOT,EUR,live,1,1700539860000,okx,spot,现货,,
DYDX-EUR,DYDX,EUR,live,1,1700539860000,okx,spot,现货,,
EGLD-EUR,EGLD,EUR,live,1,1710388500000,okx,spot,现货,,
FET-EUR,FET,EUR,live,1,1710991800000,okx,spot,现货,,
FLOW-EUR,FLOW,EUR,live,1,1710388800000,okx,spot,现货,,
FLR-EUR,FLR,EUR,live,1,1710387900000,okx,spot,现货,,
FXS-EUR,FXS,EUR,live,1,1710990000000,okx,spot,现货,,
GRT-EUR,GRT,EUR,live,1,1710386700000,okx,spot,现货,,
HBAR-EUR,HBAR,EUR,live,1,1710394200000,okx,spot,现货,,
ICP-EUR,ICP,EUR,live,1,1710393300000,okx,spot,现货,,
IMX-EUR,IMX,EUR,live,1,1710393600000,okx,spot,现货,,
INJ-EUR,INJ,EUR,live,1,1710993600000,okx,spot,现货,,
JTO-EUR,JTO,EUR,live,1,1715074800000,okx,spot,现货,,
LDO-EUR,LDO,EUR,live,1,1710392400000,okx,spot,现货,,
LINK-EUR,LINK,EUR,live,1,1700539860000,okx,spot,现货,,
LTC-EUR,LTC,EUR,live,1,1700539860000,okx,spot,现货,,
LUNC-EUR,LUNC,EUR,live,1,1715076600000,okx,spot,现货,,
MANA-EUR,MANA,EUR,live,1,1710392100000,okx,spot,现货,,
MINA-EUR,MINA,EUR,live,1,1710389400000,okx,spot,现货,,
MKR-EUR,MKR,EUR,live,1,1710387600000,okx,spot,现货,,
OP-EUR,OP,EUR,live,1,1710393900000,okx,spot,现货,,
SAND-EUR,SAND,EUR,live,1,1710390300000,okx,spot,现货,,
SHIB-EUR,SHIB,EUR,live,1,1700539860000,okx,spot,现货,,
SNX-EUR,SNX,EUR,live,1,1710389700000,okx,spot,现货,,
STX-EUR,STX,EUR,live,1,1710385200000,okx,spot,现货,,
SUI-EUR,SUI,EUR,live,1,1715072400000,okx,spot,现货,,
SUSHI-EUR,SUSHI,EUR,live,1,1700049745000,okx,spot,现货,,
TRUMP-EUR,TRUMP,EUR,live,1,1737542700000,okx,spot,现货,,
TRX-EUR,TRX,EUR,live,1,1700539860000,okx,spot,现货,,
UNI-EUR,UNI,EUR,live,1,1700539860000,okx,spot,现货,,
USDT-EUR,USDT,EUR,live,1,1700049040000,okx,spot,现货,,
USDC-EUR,USDC,EUR,live,1,1700539860000,okx,spot,现货,,
WIF-EUR,WIF,EUR,live,1,1715074200000,okx,spot,现货,,
WOO-EUR,WOO,EUR,live,1,1710988200000,okx,spot,现货,,
XLM-EUR,XLM,EUR,live,1,1710386400000,okx,spot,现货,,
XTZ-EUR,XTZ,EUR,live,1,1710391500000,okx,spot,现货,,
YGG-EUR,YGG,EUR,live,1,1715076000000,okx,spot,现货,,
BTC-USD,BTC,USD,live,1,1733454000000,okx,spot,现货,,
ETH-USD,ETH,USD,live,1,1733455800000,okx,spot,现货,,
SOL-USD,SOL,USD,live,1,1733457600000,okx,spot,现货,,
TON-USD,TON,USD,live,1,1744093200000,okx,spot,现货,,
DOGE-USD,DOGE,USD,live,1,1736907600000,okx,spot,现货,,
XRP-USD,XRP,USD,live,1,1733797800000,okx,spot,现货,,
PI-USD,PI,USD,live,1,1740108600000,okx,spot,现货,,
PUMP-USD,PUMP,USD,live,1,1752829200000,okx,spot,现货,,
A-USD,A,USD,live,1,1748520000000,okx,spot,现货,,
AAVE-USD,AAVE,USD,live,1,1736907900000,okx,spot,现货,,
ACA-USD,ACA,USD,live,1,1742882400000,okx,spot,现货,,
ACE-USD,ACE,USD,live,1,1742277600000,okx,spot,现货,,
ACH-USD,ACH,USD,live,1,1738923000000,okx,spot,现货,,
ADA-USD,ADA,USD,live,1,1743487200000,okx,spot,现货,,
AERGO-USD,AERGO,USD,live,1,1742277900000,okx,spot,现货,,
AEVO-USD,AEVO,USD,live,1,1743487500000,okx,spot,现货,,
AGLD-USD,AGLD,USD,live,1,1743487800000,okx,spot,现货,,
AIXBT-USD,AIXBT,USD,live,1,1740032700000,okx,spot,现货,,
ALGO-USD,ALGO,USD,live,1,1743488100000,okx,spot,现货,,
ALPHA-USD,ALPHA,USD,live,1,1742882700000,okx,spot,现货,,
ANIME-USD,ANIME,USD,live,1,1737689400000,okx,spot,现货,,
APE-USD,APE,USD,live,1,1743488400000,okx,spot,现货,,
API3-USD,API3,USD,live,1,1742883000000,okx,spot,现货,,
APT-USD,APT,USD,live,1,1743488700000,okx,spot,现货,,
AR-USD,AR,USD,live,1,1742278200000,okx,spot,现货,,
ARB-USD,ARB,USD,live,1,1736908200000,okx,spot,现货,,
ARG-USD,ARG,USD,live,1,1742278500000,okx,spot,现货,,
ARKM-USD,ARKM,USD,live,1,1743489000000,okx,spot,现货,,
ASP-USD,ASP,USD,live,1,1753365600000,okx,spot,现货,,
ASTR-USD,ASTR,USD,live,1,1742883300000,okx,spot,现货,,
ATH-USD,ATH,USD,live,1,1737973500000,okx,spot,现货,,
ATOM-USD,ATOM,USD,live,1,1743489300000,okx,spot,现货,,
AUCTION-USD,AUCTION,USD,live,1,1742883600000,okx,spot,现货,,
AVAX-USD,AVAX,USD,live,1,1736908500000,okx,spot,现货,,
AXS-USD,AXS,USD,live,1,1742883900000,okx,spot,现货,,
BABYDOGE-USD,BABYDOGE,USD,live,1,1742279100000,okx,spot,现货,,
BABY-USD,BABY,USD,live,1,1744287300000,okx,spot,现货,,
BADGER-USD,BADGER,USD,live,1,1742884200000,okx,spot,现货,,
BAL-USD,BAL,USD,live,1,1742884500000,okx,spot,现货,,
BANANA-USD,BANANA,USD,live,1,1738921200000,okx,spot,现货,,
BAND-USD,BAND,USD,live,1,1742884800000,okx,spot,现货,,
BAT-USD,BAT,USD,live,1,1742885100000,okx,spot,现货,,
BCH-USD,BCH,USD,live,1,1743489600000,okx,spot,现货,,
BERA-USD,BERA,USD,live,1,1738899000000,okx,spot,现货,,
BICO-USD,BICO,USD,live,1,1742885400000,okx,spot,现货,,
BIGTIME-USD,BIGTIME,USD,live,1,1744265100000,okx,spot,现货,,
BIO-USD,BIO,USD,live,1,1740033000000,okx,spot,现货,,
BLUR-USD,BLUR,USD,live,1,1743489900000,okx,spot,现货,,
BNB-USD,BNB,USD,live,1,1742279400000,okx,spot,现货,,
BNT-USD,BNT,USD,live,1,1741848600000,okx,spot,现货,,
BOME-USD,BOME,USD,live,1,1737973200000,okx,spot,现货,,
BONK-USD,BONK,USD,live,1,1743490200000,okx,spot,现货,,
CATI-USD,CATI,USD,live,1,1740031800000,okx,spot,现货,,
CAT-USD,CAT,USD,live,1,1742280900000,okx,spot,现货,,
CELO-USD,CELO,USD,live,1,1742281200000,okx,spot,现货,,
CELR-USD,CELR,USD,live,1,1742885700000,okx,spot,现货,,
CETUS-USD,CETUS,USD,live,1,1742281500000,okx,spot,现货,,
CFG-USD,CFG,USD,live,1,1742281800000,okx,spot,现货,,
CFX-USD,CFX,USD,live,1,1742282100000,okx,spot,现货,,
CHZ-USD,CHZ,USD,live,1,1743490500000,okx,spot,现货,,
CITY-USD,CITY,USD,live,1,1738919100000,okx,spot,现货,,
CLV-USD,CLV,USD,live,1,1742886000000,okx,spot,现货,,
COMP-USD,COMP,USD,live,1,1736908800000,okx,spot,现货,,
CORE-USD,CORE,USD,live,1,1742282400000,okx,spot,现货,,
CRO-USD,CRO,USD,live,1,1743490800000,okx,spot,现货,,
CRV-USD,CRV,USD,live,1,1736909100000,okx,spot,现货,,
CSPR-USD,CSPR,USD,live,1,1742282700000,okx,spot,现货,,
CTC-USD,CTC,USD,live,1,1742283000000,okx,spot,现货,,
CVC-USD,CVC,USD,live,1,1742886300000,okx,spot,现货,,
CVX-USD,CVX,USD,live,1,1742886600000,okx,spot,现货,,
CXT-USD,CXT,USD,live,1,1744265400000,okx,spot,现货,,
DAI-USD,DAI,USD,live,1,1736909400000,okx,spot,现货,,
DAO-USD,DAO,USD,live,1,1742283600000,okx,spot,现货,,
DEGEN-USD,DEGEN,USD,live,1,1737970800000,okx,spot,现货,,
DEP-USD,DEP,USD,live,1,1742283900000,okx,spot,现货,,
DGB-USD,DGB,USD,live,1,1742284200000,okx,spot,现货,,
DOGS-USD,DOGS,USD,live,1,1743491100000,okx,spot,现货,,
DOT-USD,DOT,USD,live,1,1743491400000,okx,spot,现货,,
DUCK-USD,DUCK,USD,live,1,1738920900000,okx,spot,现货,,
DYDX-USD,DYDX,USD,live,1,1743491700000,okx,spot,现货,,
EGLD-USD,EGLD,USD,live,1,1742886900000,okx,spot,现货,,
EIGEN-USD,EIGEN,USD,live,1,1743492000000,okx,spot,现货,,
ELF-USD,ELF,USD,live,1,1742284500000,okx,spot,现货,,
ELON-USD,ELON,USD,live,1,1742364000000,okx,spot,现货,,
ENJ-USD,ENJ,USD,live,1,1742887200000,okx,spot,现货,,
ENS-USD,ENS,USD,live,1,1736909700000,okx,spot,现货,,
ERN-USD,ERN,USD,live,1,1741846500000,okx,spot,现货,,
ETC-USD,ETC,USD,live,1,1743492600000,okx,spot,现货,,
ETHFI-USD,ETHFI,USD,live,1,1737975000000,okx,spot,现货,,
ETHW-USD,ETHW,USD,live,1,1743492900000,okx,spot,现货,,
EURC-USD,EURC,USD,live,1,1742364300000,okx,spot,现货,,
FIL-USD,FIL,USD,live,1,1743660000000,okx,spot,现货,,
FLM-USD,FLM,USD,live,1,1741851300000,okx,spot,现货,,
FLOKI-USD,FLOKI,USD,live,1,1742796000000,okx,spot,现货,,
FLOW-USD,FLOW,USD,live,1,1742887500000,okx,spot,现货,,
FLR-USD,FLR,USD,live,1,1743660300000,okx,spot,现货,,
FLUID-USD,FLUID,USD,live,1,1743076800000,okx,spot,现货,,
FORTH-USD,FORTH,USD,live,1,1744265700000,okx,spot,现货,,
G-USD,G,USD,live,1,1743055200000,okx,spot,现货,,
GALA-USD,GALA,USD,live,1,1743660600000,okx,spot,现货,,
GAS-USD,GAS,USD,live,1,1742364600000,okx,spot,现货,,
GEAR-USD,GEAR,USD,live,1,1742364900000,okx,spot,现货,,
GHST-USD,GHST,USD,live,1,1741848000000,okx,spot,现货,,
GLMR-USD,GLMR,USD,live,1,1741847100000,okx,spot,现货,,
GLM-USD,GLM,USD,live,1,1742365200000,okx,spot,现货,,
GMT-USD,GMT,USD,live,1,1743493200000,okx,spot,现货,,
GOAT-USD,GOAT,USD,live,1,1738918800000,okx,spot,现货,,
GODS-USD,GODS,USD,live,1,1742365800000,okx,spot,现货,,
GRT-USD,GRT,USD,live,1,1743660900000,okx,spot,现货,,
HBAR-USD,HBAR,USD,live,1,1743661200000,okx,spot,现货,,
HMSTR-USD,HMSTR,USD,live,1,1742366400000,okx,spot,现货,,
HUMA-USD,HUMA,USD,live,1,1749038400000,okx,spot,现货,,
ICE-USD,ICE,USD,live,1,1742366700000,okx,spot,现货,,
ICP-USD,ICP,USD,live,1,1743661500000,okx,spot,现货,,
ICX-USD,ICX,USD,live,1,1743055500000,okx,spot,现货,,
ID-USD,ID,USD,live,1,1742367000000,okx,spot,现货,,
ILV-USD,ILV,USD,live,1,1740031500000,okx,spot,现货,,
IMX-USD,IMX,USD,live,1,1744266000000,okx,spot,现货,,
IOST-USD,IOST,USD,live,1,1742367300000,okx,spot,现货,,
IOTA-USD,IOTA,USD,live,1,1742367600000,okx,spot,现货,,
IP-USD,IP,USD,live,1,1740033900000,okx,spot,现货,,
JOE-USD,JOE,USD,live,1,1741847400000,okx,spot,现货,,
JST-USD,JST,USD,live,1,1738919700000,okx,spot,现货,,
JTO-USD,JTO,USD,live,1,1743661800000,okx,spot,现货,,
JUP-USD,JUP,USD,live,1,1743662100000,okx,spot,现货,,
KAITO-USD,KAITO,USD,live,1,1740108900000,okx,spot,现货,,
KAIA-USD,KAIA,USD,live,1,1742368200000,okx,spot,现货,,
KDA-USD,KDA,USD,live,1,1742368500000,okx,spot,现货,,
KMNO-USD,KMNO,USD,live,1,1750249800000,okx,spot,现货,,
KNC-USD,KNC,USD,live,1,1743055800000,okx,spot,现货,,
KSM-USD,KSM,USD,live,1,1743056100000,okx,spot,现货,,
LAT-USD,LAT,USD,live,1,1742369400000,okx,spot,现货,,
LAYER-USD,LAYER,USD,live,1,1745582400000,okx,spot,现货,,
LDO-USD,LDO,USD,live,1,1743662400000,okx,spot,现货,,
LEO-USD,LEO,USD,live,1,1741849800000,okx,spot,现货,,
LINK-USD,LINK,USD,live,1,1736910000000,okx,spot,现货,,
LOOKS-USD,LOOKS,USD,live,1,1742369700000,okx,spot,现货,,
LPT-USD,LPT,USD,live,1,1744266300000,okx,spot,现货,,
LQTY-USD,LQTY,USD,live,1,1744266600000,okx,spot,现货,,
LRC-USD,LRC,USD,live,1,1743662700000,okx,spot,现货,,
LSK-USD,LSK,USD,live,1,1742796300000,okx,spot,现货,,
LTC-USD,LTC,USD,live,1,1736910300000,okx,spot,现货,,
LUNA-USD,LUNA,USD,live,1,1742796900000,okx,spot,现货,,
MAGIC-USD,MAGIC,USD,live,1,1742450400000,okx,spot,现货,,
MAJOR-USD,MAJOR,USD,live,1,1742450700000,okx,spot,现货,,
MANA-USD,MANA,USD,live,1,1744266900000,okx,spot,现货,,
MASK-USD,MASK,USD,live,1,1744267200000,okx,spot,现货,,
ME-USD,ME,USD,live,1,1737974400000,okx,spot,现货,,
MEME-USD,MEME,USD,live,1,1738921500000,okx,spot,现货,,
MEMEFI-USD,MEMEFI,USD,live,1,1742451000000,okx,spot,现货,,
MENGO-USD,MENGO,USD,live,1,1740031200000,okx,spot,现货,,
MERL-USD,MERL,USD,live,1,1737973800000,okx,spot,现货,,
METIS-USD,METIS,USD,live,1,1742451300000,okx,spot,现货,,
MEW-USD,MEW,USD,live,1,1737974100000,okx,spot,现货,,
MINA-USD,MINA,USD,live,1,1744267500000,okx,spot,现货,,
MKR-USD,MKR,USD,live,1,1736910600000,okx,spot,现货,,
MLN-USD,MLN,USD,live,1,1741846200000,okx,spot,现货,,
MOODENG-USD,MOODENG,USD,live,1,1743663000000,okx,spot,现货,,
MORPHO-USD,MORPHO,USD,live,1,1743663300000,okx,spot,现货,,
MOVR-USD,MOVR,USD,live,1,1743056400000,okx,spot,现货,,
MOVE-USD,MOVE,USD,live,1,1743663600000,okx,spot,现货,,
NAVX-USD,NAVX,USD,live,1,1743046200000,okx,spot,现货,,
NC-USD,NC,USD,live,1,1740033300000,okx,spot,现货,,
NEAR-USD,NEAR,USD,live,1,1743663900000,okx,spot,现货,,
NEIRO-USD,NEIRO,USD,live,1,1743664200000,okx,spot,现货,,
NEO-USD,NEO,USD,live,1,1742451900000,okx,spot,现货,,
NMR-USD,NMR,USD,live,1,1743056700000,okx,spot,现货,,
NOT-USD,NOT,USD,live,1,1743493500000,okx,spot,现货,,
OAS-USD,OAS,USD,live,1,1742452200000,okx,spot,现货,,
OL-USD,OL,USD,live,1,1737972300000,okx,spot,现货,,
OM-USD,OM,USD,live,1,1742452500000,okx,spot,现货,,
OMI-USD,OMI,USD,live,1,1742452800000,okx,spot,现货,,
ONDO-USD,ONDO,USD,live,1,1743664500000,okx,spot,现货,,
ONE-USD,ONE,USD,live,1,1742453100000,okx,spot,现货,,
ONT-USD,ONT,USD,live,1,1742453400000,okx,spot,现货,,
OP-USD,OP,USD,live,1,1736910900000,okx,spot,现货,,
ORBS-USD,ORBS,USD,live,1,1742453700000,okx,spot,现货,,
ORDI-USD,ORDI,USD,live,1,1742454000000,okx,spot,现货,,
PARTI-USD,PARTI,USD,live,1,1744273800000,okx,spot,现货,,
PENGU-USD,PENGU,USD,live,1,1737972600000,okx,spot,现货,,
PENDLE-USD,PENDLE,USD,live,1,1743057000000,okx,spot,现货,,
PEOPLE-USD,PEOPLE,USD,live,1,1742454300000,okx,spot,现货,,
PEPE-USD,PEPE,USD,live,1,1736911200000,okx,spot,现货,,
PERP-USD,PERP,USD,live,1,1741846800000,okx,spot,现货,,
PHA-USD,PHA,USD,live,1,1743057300000,okx,spot,现货,,
PIXEL-USD,PIXEL,USD,live,1,1738922400000,okx,spot,现货,,
PNUT-USD,PNUT,USD,live,1,1743664800000,okx,spot,现货,,
POL-USD,POL,USD,live,1,1742454600000,okx,spot,现货,,
POLYDOGE-USD,POLYDOGE,USD,live,1,1742454900000,okx,spot,现货,,
POR-USD,POR,USD,live,1,1741851000000,okx,spot,现货,,
PRCL-USD,PRCL,USD,live,1,1737972000000,okx,spot,现货,,
PSTAKE-USD,PSTAKE,USD,live,1,1743057600000,okx,spot,现货,,
PYTH-USD,PYTH,USD,live,1,1743665100000,okx,spot,现货,,
QTUM-USD,QTUM,USD,live,1,1744267800000,okx,spot,现货,,
RACA-USD,RACA,USD,live,1,1742455500000,okx,spot,现货,,
RAY-USD,RAY,USD,live,1,1737971100000,okx,spot,现货,,
RENDER-USD,RENDER,USD,live,1,1740033600000,okx,spot,现货,,
RESOLV-USD,RESOLV,USD,live,1,1749571200000,okx,spot,现货,,
RIO-USD,RIO,USD,live,1,1742455800000,okx,spot,现货,,
RON-USD,RON,USD,live,1,1742456100000,okx,spot,现货,,
RPL-USD,RPL,USD,live,1,1743057900000,okx,spot,现货,,
RSR-USD,RSR,USD,live,1,1743058200000,okx,spot,现货,,
RSS3-USD,RSS3,USD,live,1,1742536800000,okx,spot,现货,,
RVN-USD,RVN,USD,live,1,1742537100000,okx,spot,现货,,
S-USD,S,USD,live,1,1738035000000,okx,spot,现货,,
SAFE-USD,SAFE,USD,live,1,1738920000000,okx,spot,现货,,
SAHARA-USD,SAHARA,USD,live,1,1750946400000,okx,spot,现货,,
SAND-USD,SAND,USD,live,1,1744092000000,okx,spot,现货,,
SATS-USD,SATS,USD,live,1,1742537400000,okx,spot,现货,,
SC-USD,SC,USD,live,1,1743058800000,okx,spot,现货,,
SCR-USD,SCR,USD,live,1,1742537700000,okx,spot,现货,,
SD-USD,SD,USD,live,1,1742538000000,okx,spot,现货,,
SHIB-USD,SHIB,USD,live,1,1736911500000,okx,spot,现货,,
SKL-USD,SKL,USD,live,1,1742538300000,okx,spot,现货,,
SLP-USD,SLP,USD,live,1,1742538600000,okx,spot,现货,,
SNT-USD,SNT,USD,live,1,1741848300000,okx,spot,现货,,
SNX-USD,SNX,USD,live,1,1744268100000,okx,spot,现货,,
SONIC-USD,SONIC,USD,live,1,1740032400000,okx,spot,现货,,
SOPH-USD,SOPH,USD,live,1,1750248000000,okx,spot,现货,,
SPK-USD,SPK,USD,live,1,1750161600000,okx,spot,现货,,
SPURS-USD,SPURS,USD,live,1,1742538900000,okx,spot,现货,,
SSV-USD,SSV,USD,live,1,1737971400000,okx,spot,现货,,
STETH-USD,STETH,USD,live,1,1742539200000,okx,spot,现货,,
STORJ-USD,STORJ,USD,live,1,1744268400000,okx,spot,现货,,
STRK-USD,STRK,USD,live,1,1744092300000,okx,spot,现货,,
STX-USD,STX,USD,live,1,1744092600000,okx,spot,现货,,
SUI-USD,SUI,USD,live,1,1736911800000,okx,spot,现货,,
SUSHI-USD,SUSHI,USD,live,1,1744268700000,okx,spot,现货,,
SWEAT-USD,SWEAT,USD,live,1,1742539500000,okx,spot,现货,,
SWFTC-USD,SWFTC,USD,live,1,1742539800000,okx,spot,现货,,
T-USD,T,USD,live,1,1741850100000,okx,spot,现货,,
THETA-USD,THETA,USD,live,1,1742540100000,okx,spot,现货,,
TIA-USD,TIA,USD,live,1,1744092900000,okx,spot,现货,,
TNSR-USD,TNSR,USD,live,1,1743059100000,okx,spot,现货,,
TRA-USD,TRA,USD,live,1,1741848900000,okx,spot,现货,,
TRB-USD,TRB,USD,live,1,1742540400000,okx,spot,现货,,
TRUMP-USD,TRUMP,USD,live,1,1737309000000,okx,spot,现货,,
TRX-USD,TRX,USD,live,1,1744093500000,okx,spot,现货,,
TURBO-USD,TURBO,USD,live,1,1744093800000,okx,spot,现货,,
ULTI-USD,ULTI,USD,live,1,1737971700000,okx,spot,现货,,
UMA-USD,UMA,USD,live,1,1743059400000,okx,spot,现货,,
UNI-USD,UNI,USD,live,1,1736912100000,okx,spot,现货,,
USDT-USD,USDT,USD,live,1,1733452200000,okx,spot,现货,,
UXLINK-USD,UXLINK,USD,live,1,1740032100000,okx,spot,现货,,
VELODROME-USD,VELODROME,USD,live,1,1738922700000,okx,spot,现货,,
VELO-USD,VELO,USD,live,1,1742540700000,okx,spot,现货,,
VRA-USD,VRA,USD,live,1,1742541000000,okx,spot,现货,,
W-USD,W,USD,live,1,1742541300000,okx,spot,现货,,
WAXP-USD,WAXP,USD,live,1,1742541600000,okx,spot,现货,,
WBTC-USD,WBTC,USD,live,1,1744094100000,okx,spot,现货,,
WCT-USD,WCT,USD,live,1,1744722000000,okx,spot,现货,,
WIF-USD,WIF,USD,live,1,1744094400000,okx,spot,现货,,
WIN-USD,WIN,USD,live,1,1738921800000,okx,spot,现货,,
WLD-USD,WLD,USD,live,1,1737972900000,okx,spot,现货,,
XCH-USD,XCH,USD,live,1,1742541900000,okx,spot,现货,,
XLM-USD,XLM,USD,live,1,1744094700000,okx,spot,现货,,
XTZ-USD,XTZ,USD,live,1,1743059700000,okx,spot,现货,,
YFI-USD,YFI,USD,live,1,1743060000000,okx,spot,现货,,
YGG-USD,YGG,USD,live,1,1744095000000,okx,spot,现货,,
ZBCN-USD,ZBCN,USD,live,1,1742542200000,okx,spot,现货,,
ZENT-USD,ZENT,USD,live,1,1744095300000,okx,spot,现货,,
ZETA-USD,ZETA,USD,live,1,1738920600000,okx,spot,现货,,
ZEUS-USD,ZEUS,USD,live,1,1744095600000,okx,spot,现货,,
ZIL-USD,ZIL,USD,live,1,1742542500000,okx,spot,现货,,
ZK-USD,ZK,USD,live,1,1744095900000,okx,spot,现货,,
ZKJ-USD,ZKJ,USD,live,1,1737974700000,okx,spot,现货,,
ZRO-USD,ZRO,USD,live,1,1744096200000,okx,spot,现货,,
ZRX-USD,ZRX,USD,live,1,1743060300000,okx,spot,现货,,
BTC-TRY,BTC,TRY,live,1,1705633200000,okx,spot,现货,,
ETH-TRY,ETH,TRY,live,1,1705635000000,okx,spot,现货,,
SOL-TRY,SOL,TRY,live,1,1733798700000,okx,spot,现货,,
XRP-TRY,XRP,TRY,live,1,1733799000000,okx,spot,现货,,
PI-TRY,PI,TRY,live,1,1740061800000,okx,spot,现货,,
TRUMP-TRY,TRUMP,TRY,live,1,1737455400000,okx,spot,现货,,
USDT-TRY,USDT,TRY,live,1,1698894300000,okx,spot,现货,,
BTC-USDT,BTC,USDT,live,1,1611907686000,okx,spot,现货,,
ETH-USDT,ETH,USDT,live,1,1611907686000,okx,spot,现货,,
OKB-USDT,OKB,USDT,live,1,1611907686000,okx,spot,现货,,
SOL-USDT,SOL,USDT,live,1,1611907686000,okx,spot,现货,,
TON-USDT,TON,USDT,live,1,1651203490000,okx,spot,现货,,
DOGE-USDT,DOGE,USDT,live,1,1611907686000,okx,spot,现货,,
XRP-USDT,XRP,USDT,live,1,1611907686000,okx,spot,现货,,
PI-USDT,PI,USDT,live,1,1740034800000,okx,spot,现货,,
PUMP-USDT,PUMP,USDT,live,1,1752818400000,okx,spot,现货,,
VINE-USDT,VINE,USDT,live,1,1737882000000,okx,spot,现货,,
1INCH-USDT,1INCH,USDT,live,1,1611907686000,okx,spot,现货,,
A-USDT,A,USDT,live,1,1748509200000,okx,spot,现货,,
AAVE-USDT,AAVE,USDT,live,1,1611907686000,okx,spot,现货,,
ACA-USDT,ACA,USDT,live,1,1643084782000,okx,spot,现货,,
ACE-USDT,ACE,USDT,live,1,1702879200000,okx,spot,现货,,
ACH-USDT,ACH,USDT,live,1,1682071200000,okx,spot,现货,,
ACT-USDT,ACT,USDT,live,1,1731574800000,okx,spot,现货,,
ADA-USDT,ADA,USDT,live,1,1611907686000,okx,spot,现货,,
AERGO-USDT,AERGO,USDT,live,1,1611907686000,okx,spot,现货,,
AEVO-USDT,AEVO,USDT,live,1,1710324000000,okx,spot,现货,,
AGLD-USDT,AGLD,USDT,live,1,1630650741000,okx,spot,现货,,
AIDOGE-USDT,AIDOGE,USDT,live,1,1682424000000,okx,spot,现货,,
AIXBT-USDT,AIXBT,USDT,live,1,1736942400000,okx,spot,现货,,
ALGO-USDT,ALGO,USDT,live,1,1611907686000,okx,spot,现货,,
ALPHA-USDT,ALPHA,USDT,live,1,1614831716000,okx,spot,现货,,
ANIME-USDT,ANIME,USDT,live,1,1737637200000,okx,spot,现货,,
APE-USDT,APE,USDT,live,1,1647508491000,okx,spot,现货,,
API3-USDT,API3,USDT,live,1,1611907686000,okx,spot,现货,,
APT-USDT,APT,USDT,live,1,1666086764000,okx,spot,现货,,
AR-USDT,AR,USDT,live,1,1640313874000,okx,spot,现货,,
ARB-USDT,ARB,USDT,live,1,1679578800000,okx,spot,现货,,
ARG-USDT,ARG,USDT,live,1,1663915404000,okx,spot,现货,,
ARKM-USDT,ARKM,USDT,live,1,1723698000000,okx,spot,现货,,
ASP-USDT,ASP,USDT,live,1,1753354800000,okx,spot,现货,,
ASTR-USDT,ASTR,USDT,live,1,1642405474000,okx,spot,现货,,
ATH-USDT,ATH,USDT,live,1,1718186400000,okx,spot,现货,,
ATOM-USDT,ATOM,USDT,live,1,1611907686000,okx,spot,现货,,
AUCTION-USDT,AUCTION,USDT,live,1,1617784500000,okx,spot,现货,,
AVAX-USDT,AVAX,USDT,live,1,1611907686000,okx,spot,现货,,
AXS-USDT,AXS,USDT,live,1,1627368385000,okx,spot,现货,,
BABYDOGE-USDT,BABYDOGE,USDT,live,1,1628580116000,okx,spot,现货,,
BABY-USDT,BABY,USDT,live,1,1744276500000,okx,spot,现货,,
BADGER-USDT,BADGER,USDT,live,1,1611907686000,okx,spot,现货,,
BAL-USDT,BAL,USDT,live,1,1611907686000,okx,spot,现货,,
BAND-USDT,BAND,USDT,live,1,1611907686000,okx,spot,现货,,
BANANA-USDT,BANANA,USDT,live,1,1729242000000,okx,spot,现货,,
BAT-USDT,BAT,USDT,live,1,1611907686000,okx,spot,现货,,
BCH-USDT,BCH,USDT,live,1,1611907686000,okx,spot,现货,,
BERA-USDT,BERA,USDT,live,1,1738843200000,okx,spot,现货,,
BETH-USDT,BETH,USDT,live,1,1611907686000,okx,spot,现货,,
BICO-USDT,BICO,USDT,live,1,1638349468000,okx,spot,现货,,
BIGTIME-USDT,BIGTIME,USDT,live,1,1696989600000,okx,spot,现货,,
BIO-USDT,BIO,USDT,live,1,1735895700000,okx,spot,现货,,
BLUR-USDT,BLUR,USDT,live,1,1676355947000,okx,spot,现货,,
BNB-USDT,BNB,USDT,live,1,1671540483000,okx,spot,现货,,
BNT-USDT,BNT,USDT,live,1,1611907686000,okx,spot,现货,,
BOME-USDT,BOME,USDT,live,1,1723712400000,okx,spot,现货,,
BONK-USDT,BONK,USDT,live,1,1704693600000,okx,spot,现货,,
BTT-USDT,BTT,USDT,live,1,1643261855000,okx,spot,现货,,
CATI-USDT,CATI,USDT,live,1,1726822800000,okx,spot,现货,,
CAT-USDT,CAT,USDT,live,1,1729850400000,okx,spot,现货,,
CELO-USDT,CELO,USDT,live,1,1611907686000,okx,spot,现货,,
CELR-USDT,CELR,USDT,live,1,1617007316000,okx,spot,现货,,
CETUS-USDT,CETUS,USDT,live,1,1683714600000,okx,spot,现货,,
CFG-USDT,CFG,USDT,live,1,1626249309000,okx,spot,现货,,
CFX-USDT,CFX,USDT,live,1,1614752416000,okx,spot,现货,,
CHZ-USDT,CHZ,USDT,live,1,1614752416000,okx,spot,现货,,
CITY-USDT,CITY,USDT,live,1,1664176180000,okx,spot,现货,,
CLV-USDT,CLV,USDT,live,1,1627531523000,okx,spot,现货,,
COMP-USDT,COMP,USDT,live,1,1611907686000,okx,spot,现货,,
CORE-USDT,CORE,USDT,live,1,1675836683000,okx,spot,现货,,
CRO-USDT,CRO,USDT,live,1,1611907686000,okx,spot,现货,,
CRV-USDT,CRV,USDT,live,1,1611285056000,okx,spot,现货,,
CSPR-USDT,CSPR,USDT,live,1,1620716190000,okx,spot,现货,,
CTC-USDT,CTC,USDT,live,1,1611907686000,okx,spot,现货,,
CVC-USDT,CVC,USDT,live,1,1611907686000,okx,spot,现货,,
CVX-USDT,CVX,USDT,live,1,1637907763000,okx,spot,现货,,
CXT-USDT,CXT,USDT,live,1,1721030400000,okx,spot,现货,,
DAI-USDT,DAI,USDT,live,1,1611907686000,okx,spot,现货,,
DAO-USDT,DAO,USDT,live,1,1618369686000,okx,spot,现货,,
DEGEN-USDT,DEGEN,USDT,live,1,1721725200000,okx,spot,现货,,
DEP-USDT,DEP,USDT,live,1,1611907686000,okx,spot,现货,,
DGB-USDT,DGB,USDT,live,1,1611907686000,okx,spot,现货,,
DOGS-USDT,DOGS,USDT,live,1,1724670000000,okx,spot,现货,,
DORA-USDT,DORA,USDT,live,1,1695103200000,okx,spot,现货,,
DOT-USDT,DOT,USDT,live,1,1611907686000,okx,spot,现货,,
DUCK-USDT,DUCK,USDT,live,1,1737018000000,okx,spot,现货,,
DYDX-USDT,DYDX,USDT,live,1,1631085490000,okx,spot,现货,,
EGLD-USDT,EGLD,USDT,live,1,1611907686000,okx,spot,现货,,
EIGEN-USDT,EIGEN,USDT,live,1,1727758800000,okx,spot,现货,,
ELF-USDT,ELF,USDT,live,1,1611907686000,okx,spot,现货,,
ELON-USDT,ELON,USDT,live,1,1635145906000,okx,spot,现货,,
ENJ-USDT,ENJ,USDT,live,1,1696906800000,okx,spot,现货,,
ENS-USDT,ENS,USDT,live,1,1636381181000,okx,spot,现货,,
ERN-USDT,ERN,USDT,live,1,1629697048000,okx,spot,现货,,
ETC-USDT,ETC,USDT,live,1,1611907686000,okx,spot,现货,,
ETHW-USDT,ETHW,USDT,live,1,1663258590000,okx,spot,现货,,
ETHFI-USDT,ETHFI,USDT,live,1,1710763800000,okx,spot,现货,,
FET-USDT,FET,USDT,live,1,1700820000000,okx,spot,现货,,
FIL-USDT,FIL,USDT,live,1,1611907686000,okx,spot,现货,,
FLM-USDT,FLM,USDT,live,1,1611907686000,okx,spot,现货,,
FLOW-USDT,FLOW,USDT,live,1,1614062136000,okx,spot,现货,,
FLOKI-USDT,FLOKI,USDT,live,1,1671172032000,okx,spot,现货,,
FLR-USDT,FLR,USDT,live,1,1673256143000,okx,spot,现货,,
FLUID-USDT,FLUID,USDT,live,1,1743066000000,okx,spot,现货,,
FORTH-USDT,FORTH,USDT,live,1,1619064876000,okx,spot,现货,,
FOXY-USDT,FOXY,USDT,live,1,1712908800000,okx,spot,现货,,
FXS-USDT,FXS,USDT,live,1,1688637600000,okx,spot,现货,,
G-USDT,G,USDT,live,1,1721973600000,okx,spot,现货,,
GALA-USDT,GALA,USDT,live,1,1632295098000,okx,spot,现货,,
GALFT-USDT,GALFT,USDT,live,1,1655962391000,okx,spot,现货,,
GAS-USDT,GAS,USDT,live,1,1611907686000,okx,spot,现货,,
GEAR-USDT,GEAR,USDT,live,1,1671765975000,okx,spot,现货,,
GHST-USDT,GHST,USDT,live,1,1611907686000,okx,spot,现货,,
GLM-USDT,GLM,USDT,live,1,1613734874000,okx,spot,现货,,
GLMR-USDT,GLMR,USDT,live,1,1641883197000,okx,spot,现货,,
GMT-USDT,GMT,USDT,live,1,1648781939000,okx,spot,现货,,
GMX-USDT,GMX,USDT,live,1,1672899912000,okx,spot,现货,,
GOAT-USDT,GOAT,USDT,live,1,1733994000000,okx,spot,现货,,
GODS-USDT,GODS,USDT,live,1,1635492759000,okx,spot,现货,,
GRT-USDT,GRT,USDT,live,1,1611907686000,okx,spot,现货,,
HBAR-USDT,HBAR,USDT,live,1,1611907686000,okx,spot,现货,,
HMSTR-USDT,HMSTR,USDT,live,1,1727348400000,okx,spot,现货,,
HUMA-USDT,HUMA,USDT,live,1,1748260800000,okx,spot,现货,,
ICE-USDT,ICE,USDT,live,1,1705658400000,okx,spot,现货,,
ICP-USDT,ICP,USDT,live,1,1620635244000,okx,spot,现货,,
ICX-USDT,ICX,USDT,live,1,1611907686000,okx,spot,现货,,
ID-USDT,ID,USDT,live,1,1681984800000,okx,spot,现货,,
ILV-USDT,ILV,USDT,live,1,1630978003000,okx,spot,现货,,
IMX-USDT,IMX,USDT,live,1,1636101372000,okx,spot,现货,,
INJ-USDT,INJ,USDT,live,1,1701338400000,okx,spot,现货,,
IOST-USDT,IOST,USDT,live,1,1611907686000,okx,spot,现货,,
IOTA-USDT,IOTA,USDT,live,1,1611907686000,okx,spot,现货,,
IP-USDT,IP,USDT,live,1,1739433600000,okx,spot,现货,,
J-USDT,J,USDT,live,1,1737536400000,okx,spot,现货,,
JITOSOL-USDT,JITOSOL,USDT,live,1,1746774000000,okx,spot,现货,,
JOE-USDT,JOE,USDT,live,1,1642045755000,okx,spot,现货,,
JST-USDT,JST,USDT,live,1,1611907686000,okx,spot,现货,,
JTO-USDT,JTO,USDT,live,1,1704693600000,okx,spot,现货,,
JUP-USDT,JUP,USDT,live,1,1706713800000,okx,spot,现货,,
KAIA-USDT,KAIA,USDT,live,1,1730358000000,okx,spot,现货,,
KAITO-USDT,KAITO,USDT,live,1,1740052800000,okx,spot,现货,,
KDA-USDT,KDA,USDT,live,1,1641352150000,okx,spot,现货,,
KMNO-USDT,KMNO,USDT,live,1,1748570400000,okx,spot,现货,,
KNC-USDT,KNC,USDT,live,1,1611907686000,okx,spot,现货,,
KSM-USDT,KSM,USDT,live,1,1611907686000,okx,spot,现货,,
LAT-USDT,LAT,USDT,live,1,1620788780000,okx,spot,现货,,
LAYER-USDT,LAYER,USDT,live,1,1745571600000,okx,spot,现货,,
LDO-USDT,LDO,USDT,live,1,1662085287000,okx,spot,现货,,
LEO-USDT,LEO,USDT,live,1,1611907686000,okx,spot,现货,,
LINK-USDT,LINK,USDT,live,1,1611907686000,okx,spot,现货,,
LOOKS-USDT,LOOKS,USDT,live,1,1642063043000,okx,spot,现货,,
LPT-USDT,LPT,USDT,live,1,1617346935000,okx,spot,现货,,
LQTY-USDT,LQTY,USDT,live,1,1682071200000,okx,spot,现货,,
LRC-USDT,LRC,USDT,live,1,1611907686000,okx,spot,现货,,
LSK-USDT,LSK,USDT,live,1,1611907686000,okx,spot,现货,,
LTC-USDT,LTC,USDT,live,1,1611907686000,okx,spot,现货,,
LUNC-USDT,LUNC,USDT,live,1,1653635753000,okx,spot,现货,,
LUNA-USDT,LUNA,USDT,live,1,1653732068000,okx,spot,现货,,
MAGIC-USDT,MAGIC,USDT,live,1,1644820802000,okx,spot,现货,,
MAJOR-USDT,MAJOR,USDT,live,1,1732791600000,okx,spot,现货,,
MANA-USDT,MANA,USDT,live,1,1611907686000,okx,spot,现货,,
MASK-USDT,MASK,USDT,live,1,1614182650000,okx,spot,现货,,
ME-USDT,ME,USDT,live,1,1733837400000,okx,spot,现货,,
MEME-USDT,MEME,USDT,live,1,1699000200000,okx,spot,现货,,
MEMEFI-USDT,MEMEFI,USDT,live,1,1732276800000,okx,spot,现货,,
MENGO-USDT,MENGO,USDT,live,1,1663915563000,okx,spot,现货,,
MERL-USDT,MERL,USDT,live,1,1713520800000,okx,spot,现货,,
METIS-USDT,METIS,USDT,live,1,1644471246000,okx,spot,现货,,
MEW-USDT,MEW,USDT,live,1,1713168000000,okx,spot,现货,,
MINA-USDT,MINA,USDT,live,1,1622459401000,okx,spot,现货,,
MKR-USDT,MKR,USDT,live,1,1611907686000,okx,spot,现货,,
MLN-USDT,MLN,USDT,live,1,1611907686000,okx,spot,现货,,
MOODENG-USDT,MOODENG,USDT,live,1,1731668400000,okx,spot,现货,,
MORPHO-USDT,MORPHO,USDT,live,1,1732179900000,okx,spot,现货,,
MOVR-USDT,MOVR,USDT,live,1,1638945404000,okx,spot,现货,,
MOVE-USDT,MOVE,USDT,live,1,1733742000000,okx,spot,现货,,
NAVX-USDT,NAVX,USDT,live,1,1742893200000,okx,spot,现货,,
NC-USDT,NC,USDT,live,1,1737104400000,okx,spot,现货,,
NEAR-USDT,NEAR,USDT,live,1,1611907686000,okx,spot,现货,,
NEIRO-USDT,NEIRO,USDT,live,1,1729587600000,okx,spot,现货,,
NEO-USDT,NEO,USDT,live,1,1611907686000,okx,spot,现货,,
NFT-USDT,NFT,USDT,live,1,1636612473000,okx,spot,现货,,
NMR-USDT,NMR,USDT,live,1,1611907686000,okx,spot,现货,,
NOT-USDT,NOT,USDT,live,1,1715860800000,okx,spot,现货,,
OAS-USDT,OAS,USDT,live,1,1670822719000,okx,spot,现货,,
OKSOL-USDT,OKSOL,USDT,live,1,1733900400000,okx,spot,现货,,
OKT-USDT,OKT,USDT,live,1,1611907686000,okx,spot,现货,,
OL-USDT,OL,USDT,live,1,1732017600000,okx,spot,现货,,
OM-USDT,OM,USDT,live,1,1611907686000,okx,spot,现货,,
OMI-USDT,OMI,USDT,live,1,1627880033000,okx,spot,现货,,
ONDO-USDT,ONDO,USDT,live,1,1722240000000,okx,spot,现货,,
ONE-USDT,ONE,USDT,live,1,1641438952000,okx,spot,现货,,
ONT-USDT,ONT,USDT,live,1,1611907686000,okx,spot,现货,,
OP-USDT,OP,USDT,live,1,1654009041000,okx,spot,现货,,
ORBS-USDT,ORBS,USDT,live,1,1611907686000,okx,spot,现货,,
ORDI-USDT,ORDI,USDT,live,1,1684584000000,okx,spot,现货,,
PARTI-USDT,PARTI,USDT,live,1,1742904000000,okx,spot,现货,,
PENDLE-USDT,PENDLE,USDT,live,1,1727416800000,okx,spot,现货,,
PENGU-USDT,PENGU,USDT,live,1,1734440400000,okx,spot,现货,,
PEOPLE-USDT,PEOPLE,USDT,live,1,1637907325000,okx,spot,现货,,
PEPE-USDT,PEPE,USDT,live,1,1682931600000,okx,spot,现货,,
PERP-USDT,PERP,USDT,live,1,1615365792000,okx,spot,现货,,
PHA-USDT,PHA,USDT,live,1,1611907686000,okx,spot,现货,,
PIXEL-USDT,PIXEL,USDT,live,1,1723705200000,okx,spot,现货,,
PNUT-USDT,PNUT,USDT,live,1,1731318000000,okx,spot,现货,,
POLYDOGE-USDT,POLYDOGE,USDT,live,1,1636361107000,okx,spot,现货,,
POL-USDT,POL,USDT,live,1,1725451200000,okx,spot,现货,,
POR-USDT,POR,USDT,live,1,1663915262000,okx,spot,现货,,
PRCL-USDT,PRCL,USDT,live,1,1713272400000,okx,spot,现货,,
PROMPT-USDT,PROMPT,USDT,live,1,1744286400000,okx,spot,现货,,
PSTAKE-USDT,PSTAKE,USDT,live,1,1645689289000,okx,spot,现货,,
PYTH-USDT,PYTH,USDT,live,1,1700490600000,okx,spot,现货,,
PYUSD-USDT,PYUSD,USDT,live,1,1727953200000,okx,spot,现货,,
QTUM-USDT,QTUM,USDT,live,1,1611907686000,okx,spot,现货,,
RACA-USDT,RACA,USDT,live,1,1638857466000,okx,spot,现货,,
RAY-USDT,RAY,USDT,live,1,1639723491000,okx,spot,现货,,
RDNT-USDT,RDNT,USDT,live,1,1679385600000,okx,spot,现货,,
RENDER-USDT,RENDER,USDT,live,1,1721026800000,okx,spot,现货,,
RESOLV-USDT,RESOLV,USDT,live,1,1749560400000,okx,spot,现货,,
RIO-USDT,RIO,USDT,live,1,1611907686000,okx,spot,现货,,
RON-USDT,RON,USDT,live,1,1643287644000,okx,spot,现货,,
RPL-USDT,RPL,USDT,live,1,1677664800000,okx,spot,现货,,
RSR-USDT,RSR,USDT,live,1,1611907686000,okx,spot,现货,,
RSS3-USDT,RSS3,USDT,live,1,1644810127000,okx,spot,现货,,
RUNECOIN-USDT,RUNECOIN,USDT,live,1,1714471200000,okx,spot,现货,,
RVN-USDT,RVN,USDT,live,1,1611907686000,okx,spot,现货,,
S-USDT,S,USDT,live,1,1737439200000,okx,spot,现货,,
SAFE-USDT,SAFE,USDT,live,1,1713857400000,okx,spot,现货,,
SAHARA-USDT,SAHARA,USDT,live,1,1750935600000,okx,spot,现货,,
SAND-USDT,SAND,USDT,live,1,1616054895000,okx,spot,现货,,
SATS-USDT,SATS,USDT,live,1,1702886400000,okx,spot,现货,,
SC-USDT,SC,USDT,live,1,1611907686000,okx,spot,现货,,
SCR-USDT,SCR,USDT,live,1,1730703600000,okx,spot,现货,,
SD-USDT,SD,USDT,live,1,1647338573000,okx,spot,现货,,
SHIB-USDT,SHIB,USDT,live,1,1620446728000,okx,spot,现货,,
SKL-USDT,SKL,USDT,live,1,1617007316000,okx,spot,现货,,
SLERF-USDT,SLERF,USDT,live,1,1721721600000,okx,spot,现货,,
SLP-USDT,SLP,USDT,live,1,1629354310000,okx,spot,现货,,
SNT-USDT,SNT,USDT,live,1,1611907686000,okx,spot,现货,,
SNX-USDT,SNX,USDT,live,1,1611907686000,okx,spot,现货,,
SONIC-USDT,SONIC,USDT,live,1,1736247600000,okx,spot,现货,,
SOPH-USDT,SOPH,USDT,live,1,1748433600000,okx,spot,现货,,
SPK-USDT,SPK,USDT,live,1,1750150800000,okx,spot,现货,,
SPURS-USDT,SPURS,USDT,live,1,1698314400000,okx,spot,现货,,
SSV-USDT,SSV,USDT,live,1,1677664800000,okx,spot,现货,,
STETH-USDT,STETH,USDT,live,1,1689674400000,okx,spot,现货,,
STORJ-USDT,STORJ,USDT,live,1,1611907686000,okx,spot,现货,,
STRK-USDT,STRK,USDT,live,1,1708432800000,okx,spot,现货,,
STX-USDT,STX,USDT,live,1,1614853497000,okx,spot,现货,,
SUI-USDT,SUI,USDT,live,1,1683114000000,okx,spot,现货,,
SUSHI-USDT,SUSHI,USDT,live,1,1611907686000,okx,spot,现货,,
SWEAT-USDT,SWEAT,USDT,live,1,1663051473000,okx,spot,现货,,
SWFTC-USDT,SWFTC,USDT,live,1,1611907686000,okx,spot,现货,,
T-USDT,T,USDT,live,1,1648699657000,okx,spot,现货,,
THETA-USDT,THETA,USDT,live,1,1611907686000,okx,spot,现货,,
TIA-USDT,TIA,USDT,live,1,1698775200000,okx,spot,现货,,
TNSR-USDT,TNSR,USDT,live,1,1712589300000,okx,spot,现货,,
TRA-USDT,TRA,USDT,live,1,1617963219000,okx,spot,现货,,
TRB-USDT,TRB,USDT,live,1,1611907686000,okx,spot,现货,,
TRUMP-USDT,TRUMP,USDT,live,1,1737259200000,okx,spot,现货,,
TRX-USDT,TRX,USDT,live,1,1611907686000,okx,spot,现货,,
TURBO-USDT,TURBO,USDT,live,1,1684742400000,okx,spot,现货,,
ULTI-USDT,ULTI,USDT,live,1,1717668000000,okx,spot,现货,,
UMA-USDT,UMA,USDT,live,1,1611907686000,okx,spot,现货,,
UNI-USDT,UNI,USDT,live,1,1611907686000,okx,spot,现货,,
USDC-USDT,USDC,USDT,live,1,1611907686000,okx,spot,现货,,
USDG-USDT,USDG,USDT,live,1,1749643200000,okx,spot,现货,,
USTC-USDT,USTC,USDT,live,1,1653637616000,okx,spot,现货,,
UXLINK-USDT,UXLINK,USDT,live,1,1721289600000,okx,spot,现货,,
VELO-USDT,VELO,USDT,live,1,1615192253000,okx,spot,现货,,
VELODROME-USDT,VELODROME,USDT,live,1,1679040000000,okx,spot,现货,,
VRA-USDT,VRA,USDT,live,1,1619591733000,okx,spot,现货,,
W-USDT,W,USDT,live,1,1712145600000,okx,spot,现货,,
WAXP-USDT,WAXP,USDT,live,1,1644555324000,okx,spot,现货,,
WBTC-USDT,WBTC,USDT,live,1,1611907686000,okx,spot,现货,,
WCT-USDT,WCT,USDT,live,1,1744711200000,okx,spot,现货,,
WIF-USDT,WIF,USDT,live,1,1713171600000,okx,spot,现货,,
WIN-USDT,WIN,USDT,live,1,1638426346000,okx,spot,现货,,
WLD-USDT,WLD,USDT,live,1,1690190400000,okx,spot,现货,,
WOO-USDT,WOO,USDT,live,1,1639549699000,okx,spot,现货,,
XAUT-USDT,XAUT,USDT,live,1,1658200770000,okx,spot,现货,,
XCH-USDT,XCH,USDT,live,1,1620050929000,okx,spot,现货,,
XLM-USDT,XLM,USDT,live,1,1611907686000,okx,spot,现货,,
XTZ-USDT,XTZ,USDT,live,1,1611907686000,okx,spot,现货,,
YFI-USDT,YFI,USDT,live,1,1611907686000,okx,spot,现货,,
YGG-USDT,YGG,USDT,live,1,1627468177000,okx,spot,现货,,
ZBCN-USDT,ZBCN,USDT,live,1,1713254400000,okx,spot,现货,,
ZENT-USDT,ZENT,USDT,live,1,1714975200000,okx,spot,现货,,
ZETA-USDT,ZETA,USDT,live,1,1706756400000,okx,spot,现货,,
ZEUS-USDT,ZEUS,USDT,live,1,1712239200000,okx,spot,现货,,
ZIL-USDT,ZIL,USDT,live,1,1611907686000,okx,spot,现货,,
ZK-USDT,ZK,USDT,live,1,1718697600000,okx,spot,现货,,
ZKJ-USDT,ZKJ,USDT,live,1,1718607600000,okx,spot,现货,,
ZRO-USDT,ZRO,USDT,live,1,1718884800000,okx,spot,现货,,
ZRX-USDT,ZRX,USDT,live,1,1611907686000,okx,spot,现货,,
BTC-USDC,BTC,USDC,live,1,1611907686000,okx,spot,现货,,
ETH-USDC,ETH,USDC,live,1,1611907686000,okx,spot,现货,,
OKB-USDC,OKB,USDC,live,1,1611907686000,okx,spot,现货,,
SOL-USDC,SOL,USDC,live,1,1653285156000,okx,spot,现货,,
TON-USDC,TON,USDC,live,1,1656387593000,okx,spot,现货,,
DOGE-USDC,DOGE,USDC,live,1,1653285260000,okx,spot,现货,,
XRP-USDC,XRP,USDC,live,1,1611907686000,okx,spot,现货,,
1INCH-USDC,1INCH,USDC,live,1,1655787020000,okx,spot,现货,,
AAVE-USDC,AAVE,USDC,live,1,1654583929000,okx,spot,现货,,
ADA-USDC,ADA,USDC,live,1,1653286080000,okx,spot,现货,,
AEVO-USDC,AEVO,USDC,live,1,1728896400000,okx,spot,现货,,
AGLD-USDC,AGLD,USDC,live,1,1658815263000,okx,spot,现货,,
ALGO-USDC,ALGO,USDC,live,1,1655119932000,okx,spot,现货,,
APE-USDC,APE,USDC,live,1,1653285819000,okx,spot,现货,,
APT-USDC,APT,USDC,live,1,1666086889000,okx,spot,现货,,
ARB-USDC,ARB,USDC,live,1,1716188400000,okx,spot,现货,,
ARKM-USDC,ARKM,USDC,live,1,1731922500000,okx,spot,现货,,
ATH-USDC,ATH,USDC,live,1,1728896700000,okx,spot,现货,,
ATOM-USDC,ATOM,USDC,live,1,1653974613000,okx,spot,现货,,
AVAX-USDC,AVAX,USDC,live,1,1653285982000,okx,spot,现货,,
BCH-USDC,BCH,USDC,live,1,1611907686000,okx,spot,现货,,
BLUR-USDC,BLUR,USDC,live,1,1676356333000,okx,spot,现货,,
BONK-USDC,BONK,USDC,live,1,1730190000000,okx,spot,现货,,
CATI-USDC,CATI,USDC,live,1,1728897000000,okx,spot,现货,,
CHZ-USDC,CHZ,USDC,live,1,1655785198000,okx,spot,现货,,
COMP-USDC,COMP,USDC,live,1,1656386558000,okx,spot,现货,,
CRO-USDC,CRO,USDC,live,1,1655784892000,okx,spot,现货,,
CRV-USDC,CRV,USDC,live,1,1653974689000,okx,spot,现货,,
DAI-USDC,DAI,USDC,live,1,1722235500000,okx,spot,现货,,
DOGS-USDC,DOGS,USDC,live,1,1726812300000,okx,spot,现货,,
DOT-USDC,DOT,USDC,live,1,1653285472000,okx,spot,现货,,
DYDX-USDC,DYDX,USDC,live,1,1655785076000,okx,spot,现货,,
EIGEN-USDC,EIGEN,USDC,live,1,1729155600000,okx,spot,现货,,
ENS-USDC,ENS,USDC,live,1,1720666800000,okx,spot,现货,,
ETC-USDC,ETC,USDC,live,1,1660022233000,okx,spot,现货,,
ETHW-USDC,ETHW,USDC,live,1,1663296038000,okx,spot,现货,,
ETHFI-USDC,ETHFI,USDC,live,1,1728897300000,okx,spot,现货,,
FIL-USDC,FIL,USDC,live,1,1653285381000,okx,spot,现货,,
FLR-USDC,FLR,USDC,live,1,1673256144000,okx,spot,现货,,
GALA-USDC,GALA,USDC,live,1,1654584967000,okx,spot,现货,,
GRT-USDC,GRT,USDC,live,1,1655120006000,okx,spot,现货,,
HBAR-USDC,HBAR,USDC,live,1,1660022454000,okx,spot,现货,,
ICP-USDC,ICP,USDC,live,1,1654584395000,okx,spot,现货,,
JTO-USDC,JTO,USDC,live,1,1715331600000,okx,spot,现货,,
JUP-USDC,JUP,USDC,live,1,1728897600000,okx,spot,现货,,
LDO-USDC,LDO,USDC,live,1,1720667100000,okx,spot,现货,,
LINK-USDC,LINK,USDC,live,1,1654583999000,okx,spot,现货,,
LRC-USDC,LRC,USDC,live,1,1654584131000,okx,spot,现货,,
LTC-USDC,LTC,USDC,live,1,1611907686000,okx,spot,现货,,
LUNC-USDC,LUNC,USDC,live,1,1653637053000,okx,spot,现货,,
LUNA-USDC,LUNA,USDC,live,1,1653732118000,okx,spot,现货,,
MERL-USDC,MERL,USDC,live,1,1717405200000,okx,spot,现货,,
MKR-USDC,MKR,USDC,live,1,1658815781000,okx,spot,现货,,
MOODENG-USDC,MOODENG,USDC,live,1,1731918900000,okx,spot,现货,,
MORPHO-USDC,MORPHO,USDC,live,1,1732786500000,okx,spot,现货,,
MOVE-USDC,MOVE,USDC,live,1,1733754600000,okx,spot,现货,,
NEAR-USDC,NEAR,USDC,live,1,1653285574000,okx,spot,现货,,
NEIRO-USDC,NEIRO,USDC,live,1,1730189700000,okx,spot,现货,,
NOT-USDC,NOT,USDC,live,1,1726812000000,okx,spot,现货,,
OKT-USDC,OKT,USDC,live,1,1656387780000,okx,spot,现货,,
ONDO-USDC,ONDO,USDC,live,1,1724915100000,okx,spot,现货,,
OP-USDC,OP,USDC,live,1,1654009129000,okx,spot,现货,,
PEPE-USDC,PEPE,USDC,live,1,1715670000000,okx,spot,现货,,
PNUT-USDC,PNUT,USDC,live,1,1731918600000,okx,spot,现货,,
PYTH-USDC,PYTH,USDC,live,1,1720667400000,okx,spot,现货,,
RDNT-USDC,RDNT,USDC,live,1,1679385600000,okx,spot,现货,,
SAND-USDC,SAND,USDC,live,1,1653974760000,okx,spot,现货,,
SHIB-USDC,SHIB,USDC,live,1,1653286153000,okx,spot,现货,,
STRK-USDC,STRK,USDC,live,1,1712811000000,okx,spot,现货,,
STX-USDC,STX,USDC,live,1,1660022629000,okx,spot,现货,,
SUI-USDC,SUI,USDC,live,1,1715332200000,okx,spot,现货,,
TIA-USDC,TIA,USDC,live,1,1720668000000,okx,spot,现货,,
TRX-USDC,TRX,USDC,live,1,1611907686000,okx,spot,现货,,
TURBO-USDC,TURBO,USDC,live,1,1729156500000,okx,spot,现货,,
UNI-USDC,UNI,USDC,live,1,1653974977000,okx,spot,现货,,
WBTC-USDC,WBTC,USDC,live,1,1723100100000,okx,spot,现货,,
WIF-USDC,WIF,USDC,live,1,1715332800000,okx,spot,现货,,
WLD-USDC,WLD,USDC,live,1,1717146000000,okx,spot,现货,,
XLM-USDC,XLM,USDC,live,1,1655785301000,okx,spot,现货,,
YGG-USDC,YGG,USDC,live,1,1658814984000,okx,spot,现货,,
ZENT-USDC,ZENT,USDC,live,1,1719910500000,okx,spot,现货,,
ZETA-USDC,ZETA,USDC,live,1,1728897900000,okx,spot,现货,,
ZEUS-USDC,ZEUS,USDC,live,1,1732785600000,okx,spot,现货,,
ZK-USDC,ZK,USDC,live,1,1722675000000,okx,spot,现货,,
ZRO-USDC,ZRO,USDC,live,1,1724914800000,okx,spot,现货,,
ETH-BTC,ETH,BTC,live,1,1611907686000,okx,spot,现货,,
OKB-BTC,OKB,BTC,live,1,1611907686000,okx,spot,现货,,
SOL-BTC,SOL,BTC,live,1,1611907686000,okx,spot,现货,,
BCH-BTC,BCH,BTC,live,1,1611907686000,okx,spot,现货,,
LTC-BTC,LTC,BTC,live,1,1611907686000,okx,spot,现货,,
STX-BTC,STX,BTC,live,1,1614853497000,okx,spot,现货,,
WBTC-BTC,WBTC,BTC,live,1,1611907686000,okx,spot,现货,,
SOL-ETH,SOL,ETH,live,1,1611907686000,okx,spot,现货,,
BETH-ETH,BETH,ETH,live,1,1611907686000,okx,spot,现货,,
STETH-ETH,STETH,ETH,live,1,1689674400000,okx,spot,现货,,
OKSOL-SOL,OKSOL,SOL,live,1,1733902200000,okx,spot,现货,,
BTC-USD-250808,,,live,1,1753431000565,okx,futures,合约,inverse,1754640000000
BTC-USD-250815,,,live,1,1754035800800,okx,futures,合约,inverse,1755244800000
BTC-USD-250829,,,live,1,1749802200491,okx,futures,合约,inverse,1756454400000
BTC-USD-250926,,,live,1,1737101400453,okx,futures,合约,inverse,1758873600000
BTC-USD-251226,,,live,1,1742544600000,okx,futures,合约,inverse,1766736000000
BTC-USD-260327,,,live,1,1744359000923,okx,futures,合约,inverse,1774598400000
BTC-USD-260626,,,live,1,1752221400087,okx,futures,合约,inverse,1782460800000
ETH-USD-250808,,,live,1,1753431000589,okx,futures,合约,inverse,1754640000000
ETH-USD-250815,,,live,1,1754035800713,okx,futures,合约,inverse,1755244800000
ETH-USD-250829,,,live,1,1749802200486,okx,futures,合约,inverse,1756454400000
ETH-USD-250926,,,live,1,1737101400454,okx,futures,合约,inverse,1758873600000
ETH-USD-251226,,,live,1,1744359000924,okx,futures,合约,inverse,1766736000000
ETH-USD-260327,,,live,1,1752221400087,okx,futures,合约,inverse,1774598400000
BTC-USDT-250808,,,live,1,1753431000568,okx,futures,合约,linear,1754640000000
BTC-USDT-250815,,,live,1,1754035800777,okx,futures,合约,linear,1755244800000
BTC-USDT-250829,,,live,1,1749802200486,okx,futures,合约,linear,1756454400000
BTC-USDT-250926,,,live,1,1737101400452,okx,futures,合约,linear,1758873600000
BTC-USDT-251226,,,live,1,1744359000925,okx,futures,合约,linear,1766736000000
BTC-USDT-260327,,,live,1,1752221400089,okx,futures,合约,linear,1774598400000
ETH-USDT-250808,,,live,1,1753431000565,okx,futures,合约,linear,1754640000000
ETH-USDT-250815,,,live,1,1754035800749,okx,futures,合约,linear,1755244800000
ETH-USDT-250926,,,live,1,1741939800702,okx,futures,合约,linear,1758873600000
ETH-USDT-251226,,,live,1,1749802200487,okx,futures,合约,linear,1766736000000
BTC-USD-SWAP,,,live,1,1535424203000,okx,swap,永续合约,,
ETH-USD-SWAP,,,live,1,1545378827000,okx,swap,永续合约,,
SOL-USD-SWAP,,,live,1,1637833825870,okx,swap,永续合约,,
DOGE-USD-SWAP,,,live,1,1612256400000,okx,swap,永续合约,,
XRP-USD-SWAP,,,live,1,1545378827000,okx,swap,永续合约,,
ADA-USD-SWAP,,,live,1,1582888608000,okx,swap,永续合约,,
ATOM-USD-SWAP,,,live,1,1535424203000,okx,swap,永续合约,,
AVAX-USD-SWAP,,,live,1,1637833836891,okx,swap,永续合约,,
BCH-USD-SWAP,,,live,1,1545378827000,okx,swap,永续合约,,
DOT-USD-SWAP,,,live,1,1599041571000,okx,swap,永续合约,,
ETC-USD-SWAP,,,live,1,1545378827000,okx,swap,永续合约,,
FIL-USD-SWAP,,,live,1,1607580000000,okx,swap,永续合约,,
LINK-USD-SWAP,,,live,1,1582888608000,okx,swap,永续合约,,
LTC-USD-SWAP,,,live,1,1545378827000,okx,swap,永续合约,,
OP-USD-SWAP,,,live,1,1715588701379,okx,swap,永续合约,,
SUI-USD-SWAP,,,live,1,1729234800104,okx,swap,永续合约,,
TRX-USD-SWAP,,,live,1,1547611763000,okx,swap,永续合约,,
UNI-USD-SWAP,,,live,1,1600340400000,okx,swap,永续合约,,
XLM-USD-SWAP,,,live,1,1535424203000,okx,swap,永续合约,,
BTC-USDT-SWAP,,,live,1,1573557408000,okx,swap,永续合约,,
ETH-USDT-SWAP,,,live,1,1573557408000,okx,swap,永续合约,,
SOL-USDT-SWAP,,,live,1,1611298800000,okx,swap,永续合约,,
TON-USDT-SWAP,,,live,1,1672210451828,okx,swap,永续合约,,
DOGE-USDT-SWAP,,,live,1,1587463971000,okx,swap,永续合约,,
XRP-USDT-SWAP,,,live,1,1573557408000,okx,swap,永续合约,,
PI-USDT-SWAP,,,live,1,1740042000388,okx,swap,永续合约,,
PUMP-USDT-SWAP,,,live,1,1752514200381,okx,swap,永续合约,,
VINE-USDT-SWAP,,,live,1,1737889201529,okx,swap,永续合约,,
1INCH-USDT-SWAP,,,live,1,1608863400000,okx,swap,永续合约,,
A-USDT-SWAP,,,live,1,1748514600412,okx,swap,永续合约,,
AAVE-USDT-SWAP,,,live,1,1607580000000,okx,swap,永续合约,,
ACE-USDT-SWAP,,,live,1,1702884300614,okx,swap,永续合约,,
ACH-USDT-SWAP,,,live,1,1708590301084,okx,swap,永续合约,,
ACT-USDT-SWAP,,,live,1,1731582000644,okx,swap,永续合约,,
ADA-USDT-SWAP,,,live,1,1582888608000,okx,swap,永续合约,,
AERO-USDT-SWAP,,,live,1,1751523300260,okx,swap,永续合约,,
AEVO-USDT-SWAP,,,live,1,1710325520298,okx,swap,永续合约,,
AGLD-USDT-SWAP,,,live,1,1631008650016,okx,swap,永续合约,,
AI16Z-USDT-SWAP,,,live,1,1734686100190,okx,swap,永续合约,,
AIXBT-USDT-SWAP,,,live,1,1735887600188,okx,swap,永续合约,,
ALCH-USDT-SWAP,,,live,1,1735888500097,okx,swap,永续合约,,
ALGO-USDT-SWAP,,,live,1,1587463971000,okx,swap,永续合约,,
ANIME-USDT-SWAP,,,live,1,1737644401356,okx,swap,永续合约,,
APE-USDT-SWAP,,,live,1,1647522059555,okx,swap,永续合约,,
API3-USDT-SWAP,,,live,1,1646297716213,okx,swap,永续合约,,
APT-USDT-SWAP,,,live,1,1666142328522,okx,swap,永续合约,,
AR-USDT-SWAP,,,live,1,1676357700186,okx,swap,永续合约,,
ARB-USDT-SWAP,,,live,1,1679580094937,okx,swap,永续合约,,
ARC-USDT-SWAP,,,live,1,1737716401522,okx,swap,永续合约,,
ARKM-USDT-SWAP,,,live,1,1732177800122,okx,swap,永续合约,,
ATH-USDT-SWAP,,,live,1,1718250900308,okx,swap,永续合约,,
ATOM-USDT-SWAP,,,live,1,1573557408000,okx,swap,永续合约,,
AUCTION-USDT-SWAP,,,live,1,1701417300613,okx,swap,永续合约,,
AVAX-USDT-SWAP,,,live,1,1600840800000,okx,swap,永续合约,,
AVAAI-USDT-SWAP,,,live,1,1737975602080,okx,swap,永续合约,,
AXS-USDT-SWAP,,,live,1,1627462800000,okx,swap,永续合约,,
BABY-USDT-SWAP,,,live,1,1744282800387,okx,swap,永续合约,,
BAND-USDT-SWAP,,,live,1,1599473571000,okx,swap,永续合约,,
BAT-USDT-SWAP,,,live,1,1598609571000,okx,swap,永续合约,,
BCH-USDT-SWAP,,,live,1,1573557408000,okx,swap,永续合约,,
BERA-USDT-SWAP,,,live,1,1738850401850,okx,swap,永续合约,,
BICO-USDT-SWAP,,,live,1,1639032617371,okx,swap,永续合约,,
BIGTIME-USDT-SWAP,,,live,1,1697115300862,okx,swap,永续合约,,
BIO-USDT-SWAP,,,live,1,1735901100474,okx,swap,永续合约,,
BLUR-USDT-SWAP,,,live,1,1676429700181,okx,swap,永续合约,,
BNB-USDT-SWAP,,,live,1,1671778428049,okx,swap,永续合约,,
BNT-USDT-SWAP,,,live,1,1608620400000,okx,swap,永续合约,,
BOME-USDT-SWAP,,,live,1,1723717202042,okx,swap,永续合约,,
BONK-USDT-SWAP,,,live,1,1704695217299,okx,swap,永续合约,,
BRETT-USDT-SWAP,,,live,1,1725617701730,okx,swap,永续合约,,
CAT-USDT-SWAP,,,live,1,1725618600681,okx,swap,永续合约,,
CATI-USDT-SWAP,,,live,1,1726828200112,okx,swap,永续合约,,
CELO-USDT-SWAP,,,live,1,1632477785202,okx,swap,永续合约,,
CETUS-USDT-SWAP,,,live,1,1683716471697,okx,swap,永续合约,,
CFX-USDT-SWAP,,,live,1,1615539600000,okx,swap,永续合约,,
CHZ-USDT-SWAP,,,live,1,1615539600000,okx,swap,永续合约,,
COMP-USDT-SWAP,,,live,1,1587463971000,okx,swap,永续合约,,
COOKIE-USDT-SWAP,,,live,1,1737718200560,okx,swap,永续合约,,
CORE-USDT-SWAP,,,live,1,1675864514708,okx,swap,永续合约,,
CRO-USDT-SWAP,,,live,1,1617872400000,okx,swap,永续合约,,
CRV-USDT-SWAP,,,live,1,1599214371000,okx,swap,永续合约,,
CTC-USDT-SWAP,,,live,1,1702540523695,okx,swap,永续合约,,
CVC-USDT-SWAP,,,live,1,1607580000000,okx,swap,永续合约,,
CVX-USDT-SWAP,,,live,1,1719303900750,okx,swap,永续合约,,
DEGEN-USDT-SWAP,,,live,1,1732176000192,okx,swap,永续合约,,
DGB-USDT-SWAP,,,live,1,1709281500656,okx,swap,永续合约,,
DOGS-USDT-SWAP,,,live,1,1724675400737,okx,swap,永续合约,,
DOG-USDT-SWAP,,,live,1,1731996004461,okx,swap,永续合约,,
DOOD-USDT-SWAP,,,live,1,1747051200521,okx,swap,永续合约,,
DOT-USDT-SWAP,,,live,1,1598350371000,okx,swap,永续合约,,
DUCK-USDT-SWAP,,,live,1,1737025200797,okx,swap,永续合约,,
DYDX-USDT-SWAP,,,live,1,1631117510421,okx,swap,永续合约,,
EGLD-USDT-SWAP,,,live,1,1608620400000,okx,swap,永续合约,,
EIGEN-USDT-SWAP,,,live,1,1727764200682,okx,swap,永续合约,,
ENJ-USDT-SWAP,,,live,1,1709288701407,okx,swap,永续合约,,
ENS-USDT-SWAP,,,live,1,1636623946265,okx,swap,永续合约,,
ETC-USDT-SWAP,,,live,1,1573557408000,okx,swap,永续合约,,
ETHW-USDT-SWAP,,,live,1,1663311331635,okx,swap,永续合约,,
ETHFI-USDT-SWAP,,,live,1,1710764700945,okx,swap,永续合约,,
FARTCOIN-USDT-SWAP,,,live,1,1734685200393,okx,swap,永续合约,,
FIL-USDT-SWAP,,,live,1,1565431971000,okx,swap,永续合约,,
FLM-USDT-SWAP,,,live,1,1601359200000,okx,swap,永续合约,,
FLOKI-USDT-SWAP,,,live,1,1676876100607,okx,swap,永续合约,,
FLOW-USDT-SWAP,,,live,1,1699350900756,okx,swap,永续合约,,
FXS-USDT-SWAP,,,live,1,1705046100655,okx,swap,永续合约,,
GALA-USDT-SWAP,,,live,1,1632477789599,okx,swap,永续合约,,
GAS-USDT-SWAP,,,live,1,1698141300695,okx,swap,永续合约,,
GLM-USDT-SWAP,,,live,1,1715329501418,okx,swap,永续合约,,
GMT-USDT-SWAP,,,live,1,1648803369890,okx,swap,永续合约,,
GMX-USDT-SWAP,,,live,1,1675321542847,okx,swap,永续合约,,
GOAT-USDT-SWAP,,,live,1,1729760401829,okx,swap,永续合约,,
GODS-USDT-SWAP,,,live,1,1636113037912,okx,swap,永续合约,,
GPS-USDT-SWAP,,,live,1,1741089600468,okx,swap,永续合约,,
GRASS-USDT-SWAP,,,live,1,1730125800597,okx,swap,永续合约,,
GRIFFAIN-USDT-SWAP,,,live,1,1735282800164,okx,swap,永续合约,,
GRT-USDT-SWAP,,,live,1,1608458400000,okx,swap,永续合约,,
H-USDT-SWAP,,,live,1,1751522400413,okx,swap,永续合约,,
HBAR-USDT-SWAP,,,live,1,1692165300823,okx,swap,永续合约,,
HMSTR-USDT-SWAP,,,live,1,1727353800176,okx,swap,永续合约,,
HOME-USDT-SWAP,,,live,1,1749809700256,okx,swap,永续合约,,
HUMA-USDT-SWAP,,,live,1,1748266200433,okx,swap,永续合约,,
HYPE-USDT-SWAP,,,live,1,1740121200506,okx,swap,永续合约,,
ICP-USDT-SWAP,,,live,1,1620982800000,okx,swap,永续合约,,
ICX-USDT-SWAP,,,live,1,1708687651159,okx,swap,永续合约,,
IMX-USDT-SWAP,,,live,1,1637218222034,okx,swap,永续合约,,
INIT-USDT-SWAP,,,live,1,1745494200437,okx,swap,永续合约,,
INJ-USDT-SWAP,,,live,1,1701345300667,okx,swap,永续合约,,
IOST-USDT-SWAP,,,live,1,1587463971000,okx,swap,永续合约,,
IOTA-USDT-SWAP,,,live,1,1587463971000,okx,swap,永续合约,,
IP-USDT-SWAP,,,live,1,1739440801995,okx,swap,永续合约,,
JELLYJELLY-USDT-SWAP,,,live,1,1743004470352,okx,swap,永续合约,,
JOE-USDT-SWAP,,,live,1,1704966900579,okx,swap,永续合约,,
JST-USDT-SWAP,,,live,1,1599559971000,okx,swap,永续合约,,
JTO-USDT-SWAP,,,live,1,1704696900623,okx,swap,永续合约,,
JUP-USDT-SWAP,,,live,1,1706717100211,okx,swap,永续合约,,
KAITO-USDT-SWAP,,,live,1,1740060000331,okx,swap,永续合约,,
KMNO-USDT-SWAP,,,live,1,1748575800335,okx,swap,永续合约,,
KSM-USDT-SWAP,,,live,1,1599559971000,okx,swap,永续合约,,
LA-USDT-SWAP,,,live,1,1749808800320,okx,swap,永续合约,,
LAUNCHCOIN-USDT-SWAP,,,live,1,1748945700339,okx,swap,永续合约,,
LAYER-USDT-SWAP,,,live,1,1739284200817,okx,swap,永续合约,,
LDO-USDT-SWAP,,,live,1,1675321369323,okx,swap,永续合约,,
LINK-USDT-SWAP,,,live,1,1582888608000,okx,swap,永续合约,,
LPT-USDT-SWAP,,,live,1,1619161200000,okx,swap,永续合约,,
LQTY-USDT-SWAP,,,live,1,1705053300717,okx,swap,永续合约,,
LRC-USDT-SWAP,,,live,1,1599646371000,okx,swap,永续合约,,
LTC-USDT-SWAP,,,live,1,1573557408000,okx,swap,永续合约,,
LUNA-USDT-SWAP,,,live,1,1653746082125,okx,swap,永续合约,,
LUNC-USDT-SWAP,,,live,1,1662706704613,okx,swap,永续合约,,
MAGIC-USDT-SWAP,,,live,1,1675321549791,okx,swap,永续合约,,
MAJOR-USDT-SWAP,,,live,1,1732798800111,okx,swap,永续合约,,
MANA-USDT-SWAP,,,live,1,1615539600000,okx,swap,永续合约,,
MASK-USDT-SWAP,,,live,1,1614841200000,okx,swap,永续合约,,
ME-USDT-SWAP,,,live,1,1733844600107,okx,swap,永续合约,,
MEME-USDT-SWAP,,,live,1,1699001700715,okx,swap,永续合约,,
MERL-USDT-SWAP,,,live,1,1713522300606,okx,swap,永续合约,,
METIS-USDT-SWAP,,,live,1,1703757300614,okx,swap,永续合约,,
MEW-USDT-SWAP,,,live,1,1713169500531,okx,swap,永续合约,,
MINA-USDT-SWAP,,,live,1,1623229200000,okx,swap,永续合约,,
MKR-USDT-SWAP,,,live,1,1598004771000,okx,swap,永续合约,,
MOG-USDT-SWAP,,,live,1,1752729300240,okx,swap,永续合约,,
MOODENG-USDT-SWAP,,,live,1,1727938802849,okx,swap,永续合约,,
MORPHO-USDT-SWAP,,,live,1,1732528800980,okx,swap,永续合约,,
MOVE-USDT-SWAP,,,live,1,1733749202646,okx,swap,永续合约,,
MUBARAK-USDT-SWAP,,,live,1,1748946600286,okx,swap,永续合约,,
NEAR-USDT-SWAP,,,live,1,1608544800000,okx,swap,永续合约,,
NEIROETH-USDT-SWAP,,,live,1,1725616800257,okx,swap,永续合约,,
NEIRO-USDT-SWAP,,,live,1,1727939701217,okx,swap,永续合约,,
NEO-USDT-SWAP,,,live,1,1582888608000,okx,swap,永续合约,,
NEWT-USDT-SWAP,,,live,1,1753438500274,okx,swap,永续合约,,
NMR-USDT-SWAP,,,live,1,1704959700642,okx,swap,永续合约,,
NOT-USDT-SWAP,,,live,1,1715862465350,okx,swap,永续合约,,
NXPC-USDT-SWAP,,,live,1,1748944800562,okx,swap,永续合约,,
OL-USDT-SWAP,,,live,1,1732266004408,okx,swap,永续合约,,
OM-USDT-SWAP,,,live,1,1708417500167,okx,swap,永续合约,,
ONDO-USDT-SWAP,,,live,1,1722940203957,okx,swap,永续合约,,
ONE-USDT-SWAP,,,live,1,1708426039038,okx,swap,永续合约,,
ONT-USDT-SWAP,,,live,1,1587463971000,okx,swap,永续合约,,
OP-USDT-SWAP,,,live,1,1654055717137,okx,swap,永续合约,,
ORBS-USDT-SWAP,,,live,1,1697514900740,okx,swap,永续合约,,
ORDI-USDT-SWAP,,,live,1,1684662900862,okx,swap,永续合约,,
PARTI-USDT-SWAP,,,live,1,1742909400471,okx,swap,永续合约,,
PENGU-USDT-SWAP,,,live,1,1734450902264,okx,swap,永续合约,,
PEOPLE-USDT-SWAP,,,live,1,1638427889758,okx,swap,永续合约,,
PEPE-USDT-SWAP,,,live,1,1683086101049,okx,swap,永续合约,,
PERP-USDT-SWAP,,,live,1,1617354000000,okx,swap,永续合约,,
PLUME-USDT-SWAP,,,live,1,1746689400330,okx,swap,永续合约,,
PNUT-USDT-SWAP,,,live,1,1731382200304,okx,swap,永续合约,,
POL-USDT-SWAP,,,live,1,1727166600128,okx,swap,永续合约,,
POPCAT-USDT-SWAP,,,live,1,1724922000651,okx,swap,永续合约,,
PRCL-USDT-SWAP,,,live,1,1713273900088,okx,swap,永续合约,,
PROMPT-USDT-SWAP,,,live,1,1744291800317,okx,swap,永续合约,,
PYTH-USDT-SWAP,,,live,1,1700492100712,okx,swap,永续合约,,
QTUM-USDT-SWAP,,,live,1,1587463971000,okx,swap,永续合约,,
RAY-USDT-SWAP,,,live,1,1710239100609,okx,swap,永续合约,,
RENDER-USDT-SWAP,,,live,1,1723105800136,okx,swap,永续合约,,
RESOLV-USDT-SWAP,,,live,1,1749565800438,okx,swap,永续合约,,
RSR-USDT-SWAP,,,live,1,1599646371000,okx,swap,永续合约,,
RVN-USDT-SWAP,,,live,1,1619161200000,okx,swap,永续合约,,
S-USDT-SWAP,,,live,1,1737450000523,okx,swap,永续合约,,
SAHARA-USDT-SWAP,,,live,1,1750941000359,okx,swap,永续合约,,
SAND-USDT-SWAP,,,live,1,1617354000000,okx,swap,永续合约,,
SATS-USDT-SWAP,,,live,1,1702889700612,okx,swap,永续合约,,
SCR-USDT-SWAP,,,live,1,1729602002820,okx,swap,永续合约,,
SHELL-USDT-SWAP,,,live,1,1740657600557,okx,swap,永续合约,,
SHIB-USDT-SWAP,,,live,1,1620550800000,okx,swap,永续合约,,
SIGN-USDT-SWAP,,,live,1,1745839800340,okx,swap,永续合约,,
SLP-USDT-SWAP,,,live,1,1629972222770,okx,swap,永续合约,,
SNX-USDT-SWAP,,,live,1,1598004771000,okx,swap,永续合约,,
SOLV-USDT-SWAP,,,live,1,1737108900454,okx,swap,永续合约,,
SONIC-USDT-SWAP,,,live,1,1736258400905,okx,swap,永续合约,,
SOON-USDT-SWAP,,,live,1,1747999800456,okx,swap,永续合约,,
SOPH-USDT-SWAP,,,live,1,1748439000413,okx,swap,永续合约,,
SPK-USDT-SWAP,,,live,1,1750156200346,okx,swap,永续合约,,
SPX-USDT-SWAP,,,live,1,1752728400453,okx,swap,永续合约,,
SSV-USDT-SWAP,,,live,1,1700711700717,okx,swap,永续合约,,
STORJ-USDT-SWAP,,,live,1,1599646371000,okx,swap,永续合约,,
STRK-USDT-SWAP,,,live,1,1708433700141,okx,swap,永续合约,,
STX-USDT-SWAP,,,live,1,1676969758164,okx,swap,永续合约,,
SUI-USDT-SWAP,,,live,1,1683258900891,okx,swap,永续合约,,
SUSHI-USDT-SWAP,,,live,1,1599041571000,okx,swap,永续合约,,
SWARMS-USDT-SWAP,,,live,1,1737717300103,okx,swap,永续合约,,
SYRUP-USDT-SWAP,,,live,1,1751524200291,okx,swap,永续合约,,
T-USDT-SWAP,,,live,1,1708676700613,okx,swap,永续合约,,
TAO-USDT-SWAP,,,live,1,1726808400182,okx,swap,永续合约,,
THETA-USDT-SWAP,,,live,1,1587463971000,okx,swap,永续合约,,
TIA-USDT-SWAP,,,live,1,1698776700675,okx,swap,永续合约,,
TNSR-USDT-SWAP,,,live,1,1712592120492,okx,swap,永续合约,,
TRB-USDT-SWAP,,,live,1,1599559971000,okx,swap,永续合约,,
TREE-USDT-SWAP,,,live,1,1753799400400,okx,swap,永续合约,,
TRUMP-USDT-SWAP,,,live,1,1737264604112,okx,swap,永续合约,,
TRX-USDT-SWAP,,,live,1,1573557408000,okx,swap,永续合约,,
TURBO-USDT-SWAP,,,live,1,1702547700612,okx,swap,永续合约,,
UMA-USDT-SWAP,,,live,1,1599214371000,okx,swap,永续合约,,
UNI-USDT-SWAP,,,live,1,1600317000000,okx,swap,永续合约,,
USDC-USDT-SWAP,,,live,1,1678607700793,okx,swap,永续合约,,
USELESS-USDT-SWAP,,,live,1,1753437600380,okx,swap,永续合约,,
USTC-USDT-SWAP,,,live,1,1667458491385,okx,swap,永续合约,,
UXLINK-USDT-SWAP,,,live,1,1721293204025,okx,swap,永续合约,,
VANA-USDT-SWAP,,,live,1,1734408000582,okx,swap,永续合约,,
VIRTUAL-USDT-SWAP,,,live,1,1733911200140,okx,swap,永续合约,,
W-USDT-SWAP,,,live,1,1712147100572,okx,swap,永续合约,,
WAL-USDT-SWAP,,,live,1,1746687600526,okx,swap,永续合约,,
WAXP-USDT-SWAP,,,live,1,1697687700843,okx,swap,永续合约,,
WCT-USDT-SWAP,,,live,1,1744716600433,okx,swap,永续合约,,
WIF-USDT-SWAP,,,live,1,1713173100603,okx,swap,永续合约,,
WLD-USDT-SWAP,,,live,1,1690199721595,okx,swap,永续合约,,
WOO-USDT-SWAP,,,live,1,1676357700337,okx,swap,永续合约,,
XAUT-USDT-SWAP,,,live,1,1744192800563,okx,swap,永续合约,,
XLM-USDT-SWAP,,,live,1,1587463971000,okx,swap,永续合约,,
XTZ-USDT-SWAP,,,live,1,1587463971000,okx,swap,永续合约,,
YFI-USDT-SWAP,,,live,1,1599041571000,okx,swap,永续合约,,
YGG-USDT-SWAP,,,live,1,1628240400000,okx,swap,永续合约,,
ZENT-USDT-SWAP,,,live,1,1715243100398,okx,swap,永续合约,,
ZEREBRO-USDT-SWAP,,,live,1,1735283702001,okx,swap,永续合约,,
ZETA-USDT-SWAP,,,live,1,1706757900607,okx,swap,永续合约,,
ZIL-USDT-SWAP,,,live,1,1599646371000,okx,swap,永续合约,,
ZK-USDT-SWAP,,,live,1,1718699100579,okx,swap,永续合约,,
ZRO-USDT-SWAP,,,live,1,1718886300653,okx,swap,永续合约,,
ZRX-USDT-SWAP,,,live,1,1598004771000,okx,swap,永续合约,,
BTC-USDC-SWAP,,,live,1,1666076190148,okx,swap,永续合约,,
ETH-USDC-SWAP,,,live,1,1666076197702,okx,swap,永续合约,,
